id	tier	category	english_cue	expression	anchor	example	sources	note
S1	shared	Structurer et prendre position	The real question is whether…	La vraie question est de savoir si […]	La vraie question est de savoir si	La vraie question est de savoir si Internet pousse vraiment les gens à devenir plus solitaires.	Culture P2; Culture P5; Economie P2; Economie P3; Education P1; Education P3; Environnement P2; Environnement P3; Famille P1; Famille P3; Santé P2; Santé P3; Technologie P1; Technologie P4; Technologie P7	Neutral reformulation; indirect question, no inversion.
S2	shared	Structurer et prendre position	The question is how far…	La vraie question est de savoir jusqu'où […]	La vraie question est de savoir jusqu'où	La vraie question est de savoir jusqu'où l'État peut, et doit, organiser et encadrer la vie en société.	Culture P1; Culture P3; Economie P5	Frames degree or limits precisely.
S3	shared	Structurer et prendre position	What can … bring?	La vraie question est de savoir ce que […] peut apporter	La vraie question est de savoir ce que	La vraie question est de savoir ce que le voyage en solitaire peut apporter, et s'il s'agit d'un vrai choix positif ou simplement d'un cas particulier.	Culture P21	Useful for benefit-based prompts.
S4	shared	Structurer et prendre position	In my view, yes…	À mon avis, oui, […]	À mon avis, oui	À mon avis, oui, il est très important de favoriser le bien-être au travail.	Culture P2; Culture P5; Economie P2; Economie P6; Economie P7; Education P2; Education P3; Education P6; Education P7; Education P23; Environnement P2; Environnement P3; Famille P4; Santé P1; Technologie P13	Direct, oral-friendly position.
S5	shared	Structurer et prendre position	I broadly agree…	je suis plutôt d'accord : […]	je suis plutôt d'accord	À mon avis, oui, je suis plutôt d'accord : travailler et étudier en même temps est une situation vraiment difficile, même si ce n'est pas impossible.	Culture P3; Environnement P6; Santé P3; Santé P7	Soft agreement leaves room for nuance.
S6	shared	Structurer et prendre position	I do not entirely agree…	je ne suis pas totalement d'accord : […]	je ne suis pas totalement d'accord	À mon avis, non, je ne suis pas totalement d'accord : la voiture reste très utile, mais elle n'est pas indispensable pour tout le monde.	Environnement P5; Famille P7; Famille P10; Santé P23	Diplomatic partial disagreement.
S7	shared	Structurer et prendre position	I take a fairly critical view of…	je porte un regard plutôt critique sur […]	je porte un regard plutôt critique sur	À mon avis, je porte un regard plutôt critique sur ce phénomène, même si je peux comprendre certains cas individuels.	Santé P9; Santé P24	Evaluative without sounding categorical.
S8	shared	Structurer et prendre position	Personally, I prefer… because…	Personnellement, je préfère […], parce que […]	Personnellement, je préfère	Personnellement, je préfère Internet, parce qu'il me permet de m'informer vite et de comparer facilement plusieurs sources.	Technologie P21; Technologie P24	Strong personal-choice frame.
S9	shared	Structurer et prendre position	My first point is…	Je pense d'abord que […]	Je pense d'abord que	Je pense d'abord que la notoriété, en elle-même, ne donne aucune compétence politique.	Culture P12; Culture P15; Culture P26; Culture P33; Culture P35; Economie P2; Economie P6; Economie P16; Education P3; Education P7; Environnement P2; Famille P2; Santé P4; Santé P22; Technologie P6	Introduces argument one naturally.
S10	shared	Structurer et prendre position	Secondly, I think…	Ensuite, je pense que […]	Ensuite, je pense que	Ensuite, je pense que ces voyages profitent en réalité à très peu de personnes.	Culture P20; Culture P27; Economie P1; Economie P2; Education P1; Education P2; Environnement P2; Environnement P3; Famille P2; Famille P3; Santé P3; Santé P4; Technologie P2; Technologie P17; Technologie P18	Clear oral sequencing.
S11	shared	Structurer et prendre position	Finally, I think…	Enfin, je pense que […]	Enfin, je pense que	Enfin, je pense que cet équilibre dépend aussi des choix des consommateurs.	Culture P15; Culture P16; Economie P1; Economie P2; Education P1; Education P2; Environnement P1; Environnement P2; Environnement P14; Famille P1; Famille P2; Santé P1; Santé P2; Technologie P1; Technologie P2	Signals final argument.
S12	shared	Structurer et prendre position	Take the example of…	Prenons l'exemple de […]	Prenons l'exemple d'enfants	Prenons l'exemple d'enfants qui visitent un zoo lors d'une sortie scolaire : beaucoup y découvrent leur intérêt pour les animaux et pour la nature.	Culture P10; Culture P32; Environnement P2	Smooth transition from claim to evidence.
S13	shared	Structurer et prendre position	In other words…	Autrement dit, […]	Autrement dit	Autrement dit, les liens avec les habitants doivent compléter ce soutien, pas l'effacer.	Culture P24; Culture P28	Concise reformulation or clarification.
S14	shared	Structurer et prendre position	The issue is less X than Y	La vraie question est donc moins « […] » que « […] »	La vraie question est donc moins «	La vraie question est donc moins « la télévision est-elle utile ? » que « comment et combien je la regarde ? ».	Culture P12	Excellent reframing of a false binary.
S15	shared	Structurer et prendre position	In conclusion, I would say…	En conclusion, je dirais que […]	En conclusion, je dirais que	En conclusion, je dirais que les métiers difficiles ne sont pas toujours les mieux payés.	Economie P3; Economie P17; Economie P20; Economie P22; Education P10; Environnement P1; Famille P3; Santé P3; Santé P19; Technologie P1; Technologie P5; Technologie P6; Technologie P9; Technologie P13; Technologie P25	Flexible, measured conclusion.
N1	shared	Nuancer et comparer	Even though…	Même si […], […]	Même si	Même si le voyage reste une expérience unique, il n'est pas le seul moyen d'accéder à une culture.	Culture P1; Culture P4; Culture P7; Culture P14; Culture P20; Economie P2; Economie P22; Education P2; Education P14; Environnement P3; Famille P5; Famille P9; Santé P3; Technologie P2; Technologie P8	Concession; normally followed by the indicative.
N2	shared	Nuancer et comparer	Provided one does…	à condition de [infinitif]	à condition de	À mon avis, oui, il faut préserver ses traditions et sa culture dans le pays d'accueil, à condition de rester ouvert au pays qui nous accueille.	Culture P5; Culture P10; Culture P11; Culture P32; Culture P33; Economie P7; Education P19; Environnement P2; Environnement P14; Famille P16; Santé P1; Santé P5; Santé P6; Technologie P6; Technologie P14	Same subject in both clauses; use infinitive.
N3	shared	Nuancer et comparer	Provided that…	à condition que [subjonctif]	à condition qu'il	À mon avis, c'est un mode d'alimentation tout à fait respectable et possible, à condition qu'il reste équilibré et bien construit.	Environnement P3; Environnement P13; Santé P13	Requires the subjunctive.
N4	shared	Nuancer et comparer	It all depends on…	Tout dépend de […]	Tout dépend des personnes et de l'histoire de chacun	Tout dépend des personnes et de l'histoire de chacun.	Culture P12; Culture P17; Culture P22; Culture P27; Economie P7; Environnement P14; Famille P10; Technologie P4; Technologie P7; Technologie P10; Technologie P22; Technologie P23; Technologie P26	Compact anti-generalisation device.
N5	shared	Nuancer et comparer	…depends largely on…	[…] dépend largement de […]	elle dépend largement des conditions du départ	Mais cette difficulté n'est pas une fatalité : elle dépend largement des conditions du départ.	Culture P9; Culture P17; Culture P22; Culture P29	Identifies the decisive conditions.
N6	shared	Nuancer et comparer	That does not mean that…	cela ne veut pas dire que […]	cela ne veut pas dire que	C'est normal, et cela ne veut pas dire que l'on perd son identité.	Culture P1; Economie P12; Education P1; Education P16; Famille P3	Blocks an overstrong inference.
N7	shared	Nuancer et comparer	One must acknowledge that…	il faut reconnaître que […]	il faut reconnaître que	Cependant, il faut reconnaître que la manière d'étudier change avec l'âge.	Culture P15; Culture P18; Culture P19; Culture P21; Culture P23; Culture P25; Culture P34; Culture P35; Economie P9; Economie P14; Economie P18; Economie P23; Education P2; Education P7; Santé P7	Introduces a fair counterpoint.
N8	shared	Nuancer et comparer	Not necessarily	ne […] pas forcément	pas forcément	Le jeu vidéo, en lui-même, n'est pas forcément mauvais.	Culture P27; Economie P3; Economie P18; Economie P20; Economie P24; Education P15; Environnement P10; Environnement P15; Famille P3; Famille P10; Santé P6; Santé P10; Santé P19; Technologie P16; Technologie P20	Weakens categorical claims.
N9	shared	Nuancer et comparer	Is not reducible to…	ne se résume pas à […]	ne se résume pas à	En effet, l'intégration ne se résume pas à des éléments visibles comme le travail, le logement ou la maîtrise de la langue.	Culture P30; Culture P31; Santé P8	Adds dimensions to an oversimplified issue.
N10	shared	Nuancer et comparer	Is not enough on its own	ne suffit pas à elle seule	ne suffit pas à elle seule	Elle ne suffit pas à elle seule, mais elle reste l'une des entrées les plus vivantes et les plus concrètes dans une culture.	Culture P15	Agreement with a clear limitation.
N11	shared	Nuancer et comparer	Neither… nor…	n'est ni […] ni […]	n'est ni	Cependant, le bilan n'est ni totalement positif ni totalement négatif.	Culture P27; Education P21; Environnement P8; Technologie P22; Technologie P23; Technologie P26	Balanced two-part negation; omit articles where appropriate.
N12	shared	Nuancer et comparer	Both… and…	à la fois […] et […]	à la fois	Opposer les deux serait à la fois injuste et peu efficace.	Culture P3; Culture P4; Culture P7; Culture P10; Economie P4; Economie P5; Education P2; Environnement P2; Environnement P4; Environnement P6; Famille P4; Santé P3; Santé P4; Santé P23; Technologie P10	Efficient double evaluation.
N13	shared	Nuancer et comparer	Not only… but…	non seulement […], mais […]	non seulement	Cela montre que dans un cadre urbain, vivre sans voiture est non seulement possible, mais souvent plus simple.	Economie P11; Economie P24; Environnement P10; Environnement P15; Technologie P17; Technologie P20	Builds a stronger second claim.
N14	shared	Nuancer et comparer	As much as, or even more than	autant, voire plus, que […]	autant, voire plus, que	Cela montre que le sens du travail pèse souvent autant, voire plus, que le simple salaire.	Economie P9; Economie P13	High-value graded comparison.
N15	shared	Nuancer et comparer	Rather than / exception rather than rule	[…] plutôt que […]	plutôt que	Mais cela reste l'exception plutôt que la règle.	Culture P1; Culture P2; Culture P6; Culture P8; Culture P24; Economie P4; Economie P15; Education P8; Environnement P3; Famille P6; Famille P12; Santé P1; Santé P5; Technologie P3; Technologie P15	Contrasts preferred interpretation or option.
N16	shared	Nuancer et comparer	Conversely…	À l'inverse, […]	À l'inverse	À l'inverse, sans aucun cadre, l'effet positif disparaît rapidement.	Culture P1; Culture P3; Economie P1; Economie P3; Education P1; Education P2; Environnement P1; Environnement P2; Famille P1; Famille P3; Santé P1; Santé P2; Technologie P1; Technologie P2; Technologie P19	Introduces the counter-scenario.
N17	shared	Nuancer et comparer	Whereas…	alors que […]	alors que	En effet, les liens familiaux sont en général imposés par la naissance, alors que l'amitié repose sur un choix personnel et sur des affinités.	Culture P2; Culture P8; Culture P15; Culture P18; Culture P23; Culture P31; Economie P1; Economie P2; Education P1; Environnement P1; Famille P10; Famille P14; Santé P2; Technologie P11; Technologie P12	Contrast inside one sentence.
N18	shared	Nuancer et comparer	Far from being…	Loin d'être […], […]	Loin d'être	Loin d'être une perte de temps, elles font partie d'une éducation complète.	Culture P6; Culture P13; Education P8; Education P11; Environnement P3	Strong rebuttal without blunt denial.
N19	shared	Nuancer et comparer	In the long term	sur le long terme	sur le long terme	Sur le long terme, le mode de vie peut donc beaucoup s'éloigner de celui du pays d'origine.	Culture P6; Culture P17; Culture P22; Culture P24; Culture P27; Culture P28; Economie P6; Economie P9; Economie P13; Education P8; Education P13; Environnement P11; Famille P11; Santé P10; Santé P11	Essential time-horizon qualifier.
N20	shared	Nuancer et comparer	Whatever…	quel que soit […]	quel que soit	Le vrai enjeu est de manger de façon variée, raisonnable et de qualité, quel que soit le choix de fond.	Santé P13	Fixed concessive form; quel agrees with its noun.
C1	shared	Cause, conséquence et évaluation	Thanks to…	grâce à […]	grâce à	Tout d'abord, les personnes âgées donnent souvent de bons conseils grâce à leur expérience.	Culture P5; Culture P11; Economie P10; Education P12; Education P19; Education P21; Famille P3; Famille P7; Famille P9; Santé P14; Santé P23; Technologie P3; Technologie P13; Technologie P14; Technologie P25	Marks a positive or neutral cause.
C2	shared	Cause, conséquence et évaluation	Because of…	à cause de […]	à cause de	En effet, préférer ou écarter quelqu'un à cause de son sexe revient à le juger sur ce qu'il est, et non sur ce qu'il fait.	Culture P29; Economie P17; Education P3; Environnement P9; Environnement P16; Santé P15; Santé P18; Technologie P12	Usually marks a negative cause.
C3	shared	Cause, conséquence et évaluation	For lack of…	faute de […]	faute de	Fermer tous les zoos obligerait à les placer en urgence dans des sanctuaires déjà saturés, faute de meilleure solution.	Economie P14; Economie P15; Environnement P4	Concise absence-based explanation.
C4	shared	Cause, conséquence et évaluation	Without…, …	Sans […], […]	Sans	Sans cette coopération, beaucoup de règles publiques restent purement théoriques.	Culture P3; Culture P5; Culture P9; Economie P1; Economie P2; Economie P5; Education P1; Education P2; Environnement P1; Environnement P2; Famille P1; Famille P2; Santé P1; Santé P2; Technologie P1	Creates a compact counterfactual condition.
C5	shared	Cause, conséquence et évaluation	…which therefore…	[...,] ce qui […]	ce qui	En effet, des salariés satisfaits restent plus longtemps dans l'entreprise, ce qui réduit les coûts liés au recrutement et à la formation des nouveaux.	Culture P1; Culture P2; Culture P25; Economie P1; Economie P2; Economie P6; Economie P16; Economie P21; Education P2; Environnement P2; Famille P1; Santé P1; Technologie P1; Technologie P2; Technologie P8	Ce qui refers to the whole preceding proposition.
C6	shared	Cause, conséquence et évaluation	This makes it possible to…	Cela permet de [infinitif]	Cela permet de	Cela permet de comprendre que c'est l'usage qui détermine l'effet.	Culture P1; Culture P3; Economie P1; Economie P5; Education P1; Education P2; Environnement P1; Environnement P2; Famille P1; Famille P2; Santé P1; Santé P2; Technologie P1; Technologie P2; Technologie P19	Highly productive consequence frame.
C7	shared	Cause, conséquence et évaluation	This forces … to…	Cela oblige […] à [infinitif]	cela oblige les grandes enseignes à intégrer la question environnementale dans leur offre	Enfin, je pense que cela oblige les grandes enseignes à intégrer la question environnementale dans leur offre.	Culture P3; Economie P1; Economie P5; Economie P8; Environnement P7; Environnement P12	Useful for pressure or constraint.
C8	shared	Cause, conséquence et évaluation	That would amount to…	[…] reviendrait à [infinitif]	reviendrait à	Payer ces postes au même niveau reviendrait à ignorer ces différences pourtant bien réelles.	Economie P12; Economie P19; Education P16; Education P17; Education P20; Santé P16	Conditional form tests a proposal’s implications.
C9	shared	Cause, conséquence et évaluation	Risk doing…	risquer de [infinitif]	risque de transformer l'école en simple échange financier	Ensuite, parce que cela risque de transformer l'école en simple échange financier.	Famille P6; Famille P15	Expresses a plausible adverse result.
C10	shared	Cause, conséquence et évaluation	Can lead to…	peut conduire à […]	peut conduire à	À l'opposé, partir trop vite sans aucune sécurité financière peut conduire à des situations très difficiles.	Education P5; Education P22; Famille P3; Famille P10; Famille P11; Famille P16; Santé P17; Santé P21	Works with a noun or infinitive.
C11	shared	Cause, conséquence et évaluation	Ends up…	finit par [infinitif]	finit par	Ce décalage finit par abîmer la confiance dans l'idée d'une société juste.	Culture P1; Culture P5; Culture P11; Culture P16; Economie P2; Education P17; Famille P4; Famille P5; Famille P7; Famille P8; Santé P2; Santé P4; Santé P20; Technologie P22; Technologie P23	Shows gradual, cumulative consequence.
C12	shared	Cause, conséquence et évaluation	Manifests itself as…	se traduit par […]	se traduit par	Cela se traduit par des troubles du sommeil, des maux de tête, des problèmes digestifs, de l'anxiété et parfois de la dépression.	Santé P17; Santé P21	Converts an abstract cause into concrete effects.
C13	shared	Cause, conséquence et évaluation	Plays a decisive role in…	joue un rôle décisif dans […]	joue un rôle décisif dans	Ensuite, la maîtrise de la langue de travail joue un rôle décisif dans presque tous les secteurs.	Economie P1	Strong but defensible evaluation.
C14	shared	Cause, conséquence et évaluation	Has a direct impact on…	a un impact direct sur […]	a un impact direct sur	Une aide tournée vers eux a un impact direct sur leur vie quotidienne, parfois même sur leur santé.	Economie P9; Economie P13; Education P10; Education P24; Environnement P1	Connects policy or action to outcomes.
C15	shared	Cause, conséquence et évaluation	Weighs on / harms…	pèse sur […]	pèse sur	En effet, le manque de sommeil est un problème courant, et cumuler la fatigue tout au long de la semaine pèse sur la santé physique et mentale.	Economie P4; Environnement P9; Environnement P16; Santé P20	Natural negative-impact collocation.
C16	shared	Cause, conséquence et évaluation	Gives access to…	donne accès à […]	donne accès à	D'abord, parce qu'elle donne accès à l'histoire et à la culture profonde de ce pays.	Culture P6; Culture P19; Culture P20; Education P8; Education P14; Education P15	Reusable benefit mechanism.
C17	shared	Cause, conséquence et évaluation	Greatly reduces the risk of…	réduit fortement le risque de […]	réduit fortement le risque d'échec	Plus largement, une bonne préparation administrative, financière et professionnelle réduit fortement le risque d'échec.	Education P1	Precise preventive evaluation.
C18	shared	Cause, conséquence et évaluation	Often leads to…	mène souvent à […]	mène souvent à	En effet, vouloir tout changer immédiatement, sous la pression, mène souvent à un blocage.	Culture P1	Concise causal warning.
A1	shared	Schémas d'argumentation	It is not about X, but Y	Il ne s'agit pas de […], mais de […]	Il ne s'agit pas de	Il ne s'agit pas de mentir, mais de protéger l'enfant de ce qui dépasse sa capacité à comprendre.	Economie P6; Economie P21; Famille P4; Famille P17; Santé P9; Santé P24	Excellent goal-reframing structure.
A2	shared	Schémas d'argumentation	What matters is…	Ce qui compte, c'est […]	Ce qui compte, c'est	À mon avis, le sexe du responsable n'est pas un vrai critère ; ce qui compte, c'est la manière dont la personne dirige.	Economie P17; Famille P10; Santé P13; Technologie P3	Replaces a weak criterion with the relevant one.
A3	shared	Schémas d'argumentation	The real problem chiefly comes from…	Le vrai problème vient surtout de […]	Le vrai problème vient surtout de	Le vrai problème vient surtout de l'excès et du manque de régulation.	Environnement P9; Environnement P16	Diagnoses the mechanism, not just the symptom.
A4	shared	Schémas d'argumentation	The challenge is not X but Y	L'enjeu n'est donc pas de […], mais de […]	L'enjeu n'est donc pas de	L'enjeu n'est donc pas de diaboliser les écrans, mais de retrouver un meilleur équilibre.	Santé P2	Strong policy or solution frame.
A5	shared	Schémas d'argumentation	The right balance is to…, while…	Le bon équilibre est de […], tout en […]	Le bon équilibre est de	Le bon équilibre est de garder ce qui compte vraiment, tout en s'ouvrant à ce que le nouveau pays a aussi à offrir.	Culture P10; Culture P32	Integrates apparently competing goals.
A6	shared	Schémas d'argumentation	Ideally combine rather than oppose	L'idéal est de combiner […], plutôt que d'opposer […]	L'idéal est de combiner ces différentes ressources, plutôt que d'opposer le livre au numérique	L'idéal est de combiner ces différentes ressources, plutôt que d'opposer le livre au numérique.	Culture P6; Education P8; Education P10; Education P24; Environnement P1	Avoids false either/or reasoning.
A7	shared	Schémas d'argumentation	It is better to…	il vaut mieux [infinitif]	il vaut mieux	Enfin, je pense qu'il vaut mieux encourager l'effort, les progrès et la confiance en soi que tout réduire à l'argent.	Famille P6; Famille P10; Famille P12; Famille P13; Famille P14; Famille P15; Santé P8; Technologie P15; Technologie P16	Practical recommendation; valoir mieux + infinitive.
A8	shared	Schémas d'argumentation	We need not choose between…	on n'est pas obligé de choisir entre […] et […]	on n'est pas obligé de choisir entre	Cela montre qu'on n'est pas obligé de choisir entre l'interdiction totale et l'accès complet.	Technologie P16	Rejects a binary choice explicitly.
A9	shared	Schémas d'argumentation	There is no single answer	Il n'existe donc pas de réponse unique.	Il n'existe donc pas de réponse unique.	Il n'existe donc pas de réponse unique.	Santé P14	Compact contextual qualification.
A10	shared	Schémas d'argumentation	Cannot be generalised to everyone	ne peut pas être généralisé à toute la population	ne peut pas être généralisé à toute la population	À mon avis, vivre sans voiture est tout à fait possible dans certains contextes, mais cela ne peut pas être généralisé à toute la population.	Economie P24; Environnement P10; Environnement P15; Technologie P20	Strong guard against overgeneralisation.
A11	shared	Schémas d'argumentation	May work short term but lacks durability	[…] peut […] à court terme, mais […]	à court terme, mais	À mon avis, cette méthode peut motiver à court terme, mais elle n'est pas vraiment une bonne base éducative.	Famille P6; Famille P15	Separates immediate effect from lasting value.
A12	shared	Schémas d'argumentation	Quality matters more than quantity	la qualité de […] compte plus que […]	la qualité des amitiés compte plus que leur nombre	Cependant, il faut reconnaître que l'on peut vivre des périodes de solitude choisie sans en souffrir, et que la qualité des amitiés compte plus que leur nombre.	Culture P16; Famille P8; Technologie P3; Technologie P5	Reusable quality-versus-quantity argument.
A13	shared	Schémas d'argumentation	Must complement, not replace	doit rester un complément à […], pas un remplacement	doit rester un complément à	En effet, Internet doit rester un complément à la vie réelle, pas un remplacement.	Technologie P4; Technologie P7	Useful for technology, institutions and support.
A14	shared	Schémas d'argumentation	Do not demand sacrifice without alternatives	on ne peut pas demander à […] de […] sans […]	on ne peut pas non plus demander aux gens de renoncer à leur voiture sans leur proposer de vraies alternatives	Cependant, on ne peut pas non plus demander aux gens de renoncer à leur voiture sans leur proposer de vraies alternatives.	Environnement P5	Fairness test for restrictive policies.
A15	shared	Schémas d'argumentation	Both personal and collective benefit	un intérêt à la fois personnel et collectif	un intérêt à la fois personnel et collectif	Cela permet de comprendre que ce choix a un intérêt à la fois personnel et collectif.	Economie P24; Environnement P10; Environnement P15; Technologie P20	Broadens an argument beyond self-interest.
A16	shared	Schémas d'argumentation	Responsibility shared among stakeholders	une responsabilité partagée	une responsabilité partagée	Cela montre que la lutte contre la pauvreté est une responsabilité partagée, et il faut que chacun de ces acteurs apporte une contribution concrète et régulière.	Economie P23	Distributes responsibility across the actors involved.
A17	shared	Schémas d'argumentation	Do not conflict; reinforce one another	ne s'opposent pas, mais se renforcent mutuellement	ne s'opposent pas, mais se renforcent mutuellement	Cela montre que ces deux formes d'aide ne s'opposent pas, mais se renforcent mutuellement.	Santé P4	Strong complementarity pattern.
A18	shared	Schémas d'argumentation	Prevention beats punishment	la prévention et l'éducation sont souvent plus efficaces qu'une simple logique de punition	la prévention et l'éducation sont souvent plus efficaces qu'une simple logique de punition	Enfin, parce que la prévention et l'éducation sont souvent plus efficaces qu'une simple logique de punition.	Santé P10; Santé P11; Santé P12	Reusable prevention-versus-repression argument.
A19	shared	Schémas d'argumentation	Regular action is better than one-off action	une action régulière […] qu'une action ponctuelle	qu'une action ponctuelle	Ensuite, je pense qu'une action régulière est beaucoup plus admirable qu'une action ponctuelle.	Education P10; Education P24; Environnement P1	Adds continuity and commitment.
A20	shared	Schémas d'argumentation	Not a luxury but an investment	n'est pas un luxe : c'est un investissement dans […]	n'est pas un luxe : c'est un investissement dans	Cela montre que cette mesure n'est pas un luxe : c'est un investissement dans la santé des équipes.	Economie P4	Recasts cost as long-term value.
A21	shared	Schémas d'argumentation	Each actor does their part	chaque acteur fait sa part	chaque acteur fait sa part	Cela permet à l'action publique de produire des effets concrets et durables, parce que chaque acteur fait sa part.	Culture P3; Economie P5	Compact shared-action conclusion.
A22	shared	Schémas d'argumentation	Must be balanced against…	doit être mis en balance avec […]	doit être mis en balance avec	Cela permet de comprendre que la protection de l'individu est aussi un droit fondamental, qui doit être mis en balance avec la liberté d'expression.	Education P17	Sophisticated rights/trade-off frame.
I1	shared	Étranger et immigration	Open up to local residents	s'ouvrir aux habitants du pays d'accueil	s'ouvrir aux habitants du pays d'accueil	À mon avis, garder des liens avec des personnes de son pays d'origine est utile, surtout au début, mais il ne faut pas s'y limiter : pour vraiment s'intégrer, il faut aussi s'ouvrir aux habitants du pays d'accueil.	Culture P11	Core integration collocation.
I2	shared	Étranger et immigration	Maintain a link with one’s original culture	garder un lien avec sa culture d'origine	garder un lien avec sa culture d'origine	Garder un lien avec sa culture d'origine donne une stabilité intérieure qui aide à mieux affronter tous ces bouleversements.	Culture P10; Culture P32	Identity and continuity argument.
I3	shared	Étranger et immigration	Master the language and cultural codes	maîtriser la langue et les codes culturels	maîtriser la langue et les codes culturels	À mon avis, non, s'intégrer dans un pays étranger n'est pas vraiment facile : il faut du temps pour maîtriser la langue et les codes culturels, pour être accepté par la société d'accueil et pour finir par se sentir vraiment chez soi.	Culture P30	Joins linguistic and cultural integration.
I4	shared	Étranger et immigration	Administrative and legal procedures	les démarches administratives et juridiques	les démarches administratives et juridiques	D'abord, parce que les démarches administratives et juridiques sont longues et exigeantes.	Economie P15	Highly reusable migration obstacle.
I5	shared	Étranger et immigration	Break out of isolation	rompre l'isolement	rompre l'isolement	De même, rejoindre rapidement une association, un cours de langue ou un milieu professionnel actif permet de rompre l'isolement et d'avancer beaucoup plus vite.	Culture P9; Culture P11; Culture P29; Technologie P4; Technologie P7	Concrete integration solution.
I6	shared	Étranger et immigration	Rebuild everything from scratch	tout reconstruire à partir de zéro	tout reconstruire à partir de zéro	À l'étranger, ce réseau disparaît du jour au lendemain, et il faut tout reconstruire à partir de zéro.	Culture P9; Culture P11; Culture P29	Vivid but broadly reusable.
I7	shared	Étranger et immigration	Feel truly at home	se sentir vraiment chez soi	se sentir vraiment chez soi	Enfin, on peut remplir toutes les conditions visibles — langue, travail, logement — sans pour autant se sentir vraiment chez soi.	Culture P30	Captures integration beyond practical success.
I8	shared	Étranger et immigration	A sense of belonging	un sentiment d'appartenance	ce sentiment d'appartenance	Tant que ce sentiment d'appartenance n'est pas là, on observe le pays plus qu'on ne le vit vraiment.	Culture P30	Key abstract noun for integration.
I9	shared	Étranger et immigration	A dual sense of belonging	une double appartenance	une double appartenance	La transmission, au contraire, leur donne une double appartenance, qui est souvent une vraie richesse.	Culture P10; Culture P32	Positive bilingual/bicultural framing.
I10	shared	Étranger et immigration	Live in a closed community	vivre en vase clos	vivre en vase clos	Cependant, préserver ses traditions ne doit pas conduire à vivre en vase clos, en refusant la culture du pays d'accueil.	Culture P10; Culture P32	Idiomatic warning against isolation.
I11	shared	Étranger et immigration	A credential-equivalence procedure	une procédure d'équivalence	une procédure d'équivalence	En effet, certains métiers, comme dans la santé, l'ingénierie ou l'éducation, sont strictement réglementés et exigent une procédure d'équivalence parfois longue.	Economie P15; Education P5	Essential qualification-recognition phrase.
I12	shared	Étranger et immigration	Jobs below one’s qualification level	des emplois en dessous de leur niveau réel, très éloignés de leurs qualifications de départ	des emplois en dessous de leur niveau réel, très éloignés de leurs qualifications de départ	Faute de cette reconnaissance, beaucoup de personnes acceptent des emplois en dessous de leur niveau réel, très éloignés de leurs qualifications de départ.	Economie P15	Precise underemployment collocation.
I13	shared	Étranger et immigration	Renewable visas / employment-dependent status	des visas à renouveler / des conditions de séjour qui dépendent de leur emploi	des conditions de séjour qui dépendent de leur emploi	En effet, beaucoup d'expatriés vivent avec des contrats limités dans le temps, des visas à renouveler ou des conditions de séjour qui dépendent de leur emploi.	Culture P29	Concrete administrative insecurity.
I14	shared	Étranger et immigration	Cause a real culture shock	provoquer un vrai choc culturel	provoquer un vrai choc culturel	De plus, sans préparation, ces différences peuvent provoquer un vrai choc culturel et un sentiment de découragement les premiers mois.	Culture P26	Natural migration/foreign-living collocation.
I15	shared	Travail et économie	A sector faces labour shortages	[un secteur] manque de main-d'œuvre	manquent de main-d'œuvre	En effet, certains secteurs comme la santé, la construction ou l'informatique manquent de main-d'œuvre, alors que d'autres sont saturés et très concurrentiels.	Economie P1; Education P5	Useful economic case for immigration.
ED1	shared	Éducation et apprentissage	Acquire new skills	acquérir de nouvelles compétences	acquérir de nouvelles compétences	En effet, on associe souvent l'apprentissage à l'enfance, mais les adultes restent parfaitement capables d'acquérir de nouvelles compétences, même très tard.	Education P2; Education P9; Education P25	Broad lifelong-learning collocation.
ED2	shared	Éducation et apprentissage	Learn in a structured, progressive way	apprendre […] de manière structurée et progressive	de manière structurée et progressive	Les études permettent d'apprendre ces bases de manière structurée et progressive, ce qui est très difficile à reproduire seul.	Education P12	Useful contrast with self-teaching.
ED3	shared	Éducation et apprentissage	Keep one’s mind active	garder l'esprit actif	garder l'esprit actif	En effet, apprendre permet de garder l'esprit actif, de rester ouvert au monde et de se sentir utile.	Education P2; Education P7; Education P9; Education P25	Natural lifelong-learning benefit.
ED4	shared	Éducation et apprentissage	Short daily sessions	des séances courtes mais quotidiennes	des séances courtes mais quotidiennes	En revanche, des séances courtes mais quotidiennes donnent souvent de bien meilleurs résultats qu'une grosse séance par semaine.	Education P13	Concrete study-method chunk.
ED5	shared	Éducation et apprentissage	Leave one’s comfort zone	sortir de sa zone de confort	sortir de sa zone de confort	Cette mise en pratique demande de sortir de sa zone de confort, ce qui n'est pas facile pour tout le monde.	Education P13	Idiomatic speaking/practice argument.
ED6	shared	Éducation et apprentissage	Keep going over time	tenir dans la durée	tenir dans la durée	En revanche, un cadre extérieur, comme un cours collectif ou un examen, aide à tenir dans la durée.	Economie P6; Economie P21; Education P22	Natural persistence collocation.
ED7	shared	Éducation et apprentissage	Express oneself in real-life situations	s'exprimer en situation réelle	s'exprimer en situation réelle	À l'inverse, beaucoup d'apprenants restent à un niveau scolaire parce qu'ils n'osent pas s'exprimer en situation réelle.	Education P13	Distinguishes active from classroom knowledge.
ED8	shared	Éducation et apprentissage	Learn to live with others	apprendre à vivre avec les autres	apprendre à vivre avec les autres	D'abord, parce que l'école doit apprendre à vivre avec les autres, et pas seulement à connaître des matières.	Education P18	Reusable social mission of school.
ED9	shared	Éducation et apprentissage	Form their own opinion	construire leur propre opinion	construire leur propre opinion	En effet, face à des informations contradictoires, il est essentiel que les élèves sachent comparer les sources et construire leur propre opinion.	Education P18	Critical-thinking collocation for forming an independent view.
ED10	shared	Éducation et apprentissage	Core skills: reading, writing, arithmetic	les apprentissages fondamentaux comme lire, écrire et compter	les apprentissages fondamentaux comme lire, écrire et compter	Cependant, il est vrai que l'école doit d'abord assurer les apprentissages fondamentaux comme lire, écrire et compter.	Culture P13; Education P11	Standard education-policy phrase.
ED11	shared	Éducation et apprentissage	Equality of opportunity	un outil important d'égalité des chances	un outil important d'égalité des chances	D'abord, parce que c'est un outil important d'égalité des chances.	Economie P19; Education P20	High-value social-access argument.
ED12	shared	Éducation et apprentissage	A foundation of knowledge and skills	un socle de connaissances et de compétences	un socle de connaissances et de compétences	D'abord, parce que les études donnent un socle de connaissances et de compétences difficile à acquérir autrement.	Education P12	Strong education-to-work bridge.
F1	shared	Famille et relations	Provide a reassuring framework and material support	apporter un cadre rassurant et un soutien matériel	apportent un cadre rassurant et un soutien matériel	De leur côté, les parents apportent un cadre rassurant et un soutien matériel.	Famille P2	Compact description of parental support.
F2	shared	Famille et relations	Set rules and explain them	fixer des règles, c'est aussi savoir les justifier	fixer des règles, c'est aussi savoir les justifier	En effet, fixer des règles, c'est aussi savoir les justifier.	Famille P12	Better than vague “being strict.”
F3	shared	Famille et relations	Adapted to the child’s age and sensitivity	adaptée à l'âge et à la sensibilité de l'enfant	adaptée à l'âge et à la sensibilité de l'enfant	Ensuite, parce que cette vérité doit être adaptée à l'âge et à la sensibilité de l'enfant.	Famille P4; Famille P17	Reusable child-development qualification.
F4	shared	Famille et relations	The path towards independence	la marche vers l'autonomie	la marche vers l'autonomie	À mon avis, je porte un regard plutôt compréhensif sur cette situation, à condition qu'elle ne bloque pas la marche vers l'autonomie.	Famille P2	Useful for parenting and adult children.
F5	shared	Famille et relations	take no responsibility	n'assumer aucune responsabilité	assumer aucune responsabilité	Cependant, si l'on reste chez ses parents seulement par confort, sans assumer aucune responsabilité, cette situation peut effectivement bloquer la maturation.	Famille P2	Productive verb–noun collocation.
F6	shared	Famille et relations	Contribute according to one’s means	participer à hauteur de ses moyens	participe à hauteur de ses moyens	À l'inverse, quand chacun participe à hauteur de ses moyens, le foyer fonctionne plus calmement et plus équitablement.	Famille P14	Fairness without demanding strict equality.
F7	shared	Famille et relations	Divide household tasks clearly	répartir clairement les tâches	répartir clairement les tâches	En effet, pour éviter les disputes et les oublis, il vaut mieux répartir clairement les tâches : qui fait les courses, qui s'occupe du ménage, qui prépare les repas.	Famille P14	Concrete cohabitation collocation.
F8	shared	Famille et relations	Separate roles and responsibilities	bien séparer les rôles et les responsabilités	bien séparer les rôles et les responsabilités	Enfin, parce que la vraie condition de réussite est de bien séparer les rôles et les responsabilités.	Famille P7	Useful for family businesses and households.
F9	shared	Famille et relations	Preserve the mother tongue while valuing the host language	préserver la langue maternelle, tout en donnant […] une vraie place à la langue du pays d'accueil	préserver la langue maternelle, tout en donnant aussi une vraie place à la langue du pays d'accueil	À mon avis, il faut surtout préserver la langue maternelle, tout en donnant aussi une vraie place à la langue du pays d'accueil.	Famille P13	Balanced bilingual-family pattern.
F10	shared	Famille et relations	Provide emotional support in difficult times	apporter un soutien émotionnel précieux dans les moments difficiles	apportent un soutien émotionnel précieux dans les moments difficiles	D'abord, les amis apportent un soutien émotionnel précieux dans les moments difficiles, que la famille ou le couple ne couvrent pas toujours.	Culture P16; Famille P8	Strong relationship-benefit collocation.
W1	shared	Travail et économie	Enter the labour market	entrer sur le marché du travail	entrer sur le marché du travail	Cela montre que la langue n'est pas un détail : elle détermine en grande partie la facilité ou la difficulté à entrer sur le marché du travail.	Economie P1	Core employment collocation.
W2	shared	Travail et économie	Local work experience	une expérience locale	une expérience locale	D'abord, le marché du travail canadien attend une expérience locale que les nouveaux arrivants n'ont pas encore.	Economie P1	Essential foreign-worker phrase.
W3	shared	Travail et économie	Skilled jobs	les emplois qualifiés	les emplois qualifiés	En effet, presque tous les emplois qualifiés exigent une bonne communication écrite et orale, en anglais ou en français selon la région.	Economie P1	Useful education/employment link.
W4	shared	Travail et économie	Labour-shortage sectors	des secteurs en pénurie	certains secteurs en pénurie	Dans certains secteurs en pénurie, comme l'informatique, la santé ou certains métiers techniques, les jeunes diplômés sont au contraire très recherchés.	Economie P10; Economie P15	Explains variation in job prospects.
W5	shared	Travail et économie	Short-term or precarious contracts	des contrats courts ou précaires	des contrats courts ou précaires	Enfin, parce qu'ils acceptent souvent des contrats courts ou précaires, ce qui ralentit leur entrée stable sur le marché du travail.	Economie P10	Standard youth-employment collocation.
W6	shared	Travail et économie	Working conditions matter as much as pay	les conditions de travail comptent au moins autant que le salaire	les conditions de travail comptent au moins autant que le salaire	Tout d'abord, les conditions de travail comptent au moins autant que le salaire.	Economie P9; Economie P13	Ready-made work-quality argument.
W7	shared	Travail et économie	Reasonable hours, good team climate, manageable workload	un horaire raisonnable, un bon climat d'équipe et une charge de travail tenable	un horaire raisonnable, un bon climat d'équipe et une charge de travail tenable	De bonnes conditions de travail, comme un horaire raisonnable, un bon climat d'équipe et une charge de travail tenable, changent profondément la qualité de vie.	Economie P9; Economie P13	Concrete expansion of “good conditions.”
W8	shared	Travail et économie	Work–life balance	l'équilibre entre vie professionnelle et vie personnelle	l'équilibre entre vie professionnelle et vie personnelle	En effet, au-delà d'un certain niveau de revenu, ce qui fait vraiment la différence, c'est la santé, la qualité des liens humains, le temps libre et l'équilibre entre vie professionnelle et vie personnelle.	Santé P20	Central oral-exam collocation.
W9	shared	Travail et économie	Do meaningful work	faire un métier qui a du sens	faire un métier qui a du sens	En effet, faire un métier qui a du sens, dans lequel on se sent utile et où l'on apprend, donne envie de se lever le matin.	Economie P9; Economie P13	Natural non-financial work criterion.
W10	shared	Travail et économie	Job security and stability	la sécurité et la stabilité de l'emploi	la sécurité et la stabilité de l'emploi	Enfin, parce que la sécurité et la stabilité de l'emploi passent souvent avant le montant du salaire.	Economie P9; Economie P13	Strong comparison with salary.
W11	shared	Travail et économie	Recruitment and training costs	les coûts liés au recrutement et à la formation des nouveaux	les coûts liés au recrutement et à la formation des nouveaux	En effet, des salariés satisfaits restent plus longtemps dans l'entreprise, ce qui réduit les coûts liés au recrutement et à la formation des nouveaux.	Economie P6; Economie P21	Turns well-being into an economic argument.
W12	shared	Travail et économie	Gap between social usefulness and pay recognition	un vrai décalage entre l'utilité sociale et la reconnaissance salariale	un vrai décalage entre l'utilité sociale et la reconnaissance salariale	Cela montre qu'il existe un vrai décalage entre l'utilité sociale et la reconnaissance salariale, et il serait juste que ce décalage soit progressivement corrigé.	Economie P20	Excellent inequality/evaluation chunk.
W13	shared	Travail et économie	Account for job hardship	un système plus juste tiendrait compte de la pénibilité	un système plus juste tiendrait compte de la pénibilité	À l'inverse, un système plus juste tiendrait compte de la pénibilité.	Santé P15; Santé P18	Useful retirement and labour-policy phrase.
H1	shared	Santé	Regular physical activity / avoid inactivity	l'activité physique régulière […] éviter la sédentarité	l'activité physique régulière aide à mieux dormir, à développer la coordination, à éviter la sédentarité	En effet, l'activité physique régulière aide à mieux dormir, à développer la coordination, à éviter la sédentarité et à canaliser l'énergie.	Santé P1; Santé P5; Santé P8	High-frequency health-benefit bundle.
H2	shared	Santé	Excessive screen time disrupts sleep	un temps d'écran excessif […] perturbe le sommeil	un temps d'écran excessif réduit fortement l'activité physique et perturbe le sommeil	D'abord, parce qu'un temps d'écran excessif réduit fortement l'activité physique et perturbe le sommeil.	Santé P2	Concrete child-health mechanism.
H3	shared	Santé	Overall dietary balance	l'équilibre alimentaire global	l'équilibre alimentaire global	Je pense d'abord qu'une bonne santé dépend surtout de l'équilibre alimentaire global et pas d'un seul aliment.	Santé P6	Avoids simplistic single-food claims.
H4	shared	Santé	Ultra-processed foods	peu de produits ultra-transformés	peu de produits ultra-transformés	En effet, ce qui pèse vraiment sur la santé, c'est la qualité d'ensemble de l'alimentation : assez de fruits et légumes, des produits variés, peu de sucre et peu de produits ultra-transformés.	Santé P6	Concrete nutrition collocation.
H5	shared	Santé	Expose someone to deficiencies	exposer à des carences en […]	expose à des carences en	En effet, supprimer la viande du jour au lendemain, sans compenser correctement, expose à des carences en fer, en vitamine B12 ou en protéines, surtout chez les enfants, les femmes enceintes ou les personnes âgées.	Santé P6	Productive health-risk pattern.
H6	shared	Santé	Invest in prevention from school age	investir dans la prévention dès l'école	investir dans la prévention dès l'école	Investir dans la prévention dès l'école, financer des campagnes de sensibilisation et faciliter l'accès à un accompagnement médical agit en profondeur sur les comportements.	Santé P10; Santé P11; Santé P12	Strong public-health proposal.
H7	shared	Santé	Facilitate access to medical support	faciliter l'accès à un accompagnement médical	faciliter l'accès à un accompagnement médical	Investir dans la prévention dès l'école, financer des campagnes de sensibilisation et faciliter l'accès à un accompagnement médical agit en profondeur sur les comportements.	Santé P10; Santé P11; Santé P12	Reusable access-to-care collocation.
H8	shared	Santé	Physical and mental health	la santé physique et mentale	la santé physique et mentale	D'abord, parce que la santé physique et mentale des salariés en dépend directement.	Economie P4; Economie P6; Economie P21	Standard two-part health phrase.
H9	shared	Santé	Chronic stress becomes destructive	un stress chronique […] devient destructeur	un stress chronique n'a plus rien de stimulant : il devient destructeur	Cela permet de comprendre qu'un stress chronique n'a plus rien de stimulant : il devient destructeur.	Santé P17; Santé P21	Sharp acute-versus-chronic distinction.
H10	shared	Santé	sleep problems, headaches, digestive problems and anxiety	des troubles du sommeil, des maux de tête, des problèmes digestifs, de l'anxiété	des troubles du sommeil, des maux de tête, des problèmes digestifs, de l'anxiété	Cela se traduit par des troubles du sommeil, des maux de tête, des problèmes digestifs, de l'anxiété et parfois de la dépression.	Santé P17; Santé P21	Concrete consequence bundle.
H11	shared	Santé	Manage emotions, push oneself, work in a group	gérer les émotions, se dépasser et travailler en groupe	à gérer les émotions, à se dépasser et à travailler en groupe	Cela fait aussi du bien sur le plan psychologique, parce que le sport apprend à gérer les émotions, à se dépasser et à travailler en groupe.	Santé P8	Rich sport/education collocation.
T1	shared	Technologie et médias	Keep in touch with distant relatives	garder le contact avec des proches éloignés	garder le contact avec des proches éloignés	En effet, ils permettent de garder le contact avec des proches éloignés, de suivre l'actualité, de découvrir de nouveaux contenus et même de faire connaître un projet, une association ou une entreprise.	Technologie P10	Core positive digital-use collocation.
T2	shared	Technologie et médias	Face-to-face conversations	les conversations en face à face	les conversations en face à face	En effet, lorsque les conversations en face à face sont remplacées par des messages, les sorties par les vidéos en ligne et les amis par des contacts virtuels, les liens humains réels se réduisent peu à peu.	Technologie P4; Technologie P7	Contrasts real and virtual contact.
T3	shared	Technologie et médias	Cross-check several quality sources	croiser plusieurs sources de qualité	croiser plusieurs sources de qualité	En effet, la solution n'est pas de tout regarder ni de tout refuser, mais de croiser plusieurs sources de qualité : presse écrite, radio, sites d'information sérieux, podcasts.	Technologie P5	Strong media-literacy recommendation.
T4	shared	Technologie et médias	Verify a piece of information	vérifier une information	vérifier une information	En effet, en quelques clics, je peux comparer ce que disent différents médias sur un même événement, vérifier une information ou consulter des sources plus spécialisées.	Technologie P21	Concrete critical-media action.
T5	shared	Technologie et médias	Form a more balanced opinion	se faire une opinion plus équilibrée	me faire une opinion plus équilibrée	Cela m'aide à me faire une opinion plus équilibrée.	Technologie P21; Technologie P24	Natural result of source comparison.
T6	shared	Technologie et médias	The main source of serious information	la source principale d'information sérieuse	la source principale d'information sérieuse	Quant aux réseaux sociaux, je pense qu'ils ne devraient pas devenir la source principale d'information sérieuse, car ils mélangent souvent rumeurs et faits vérifiés.	Technologie P21	Useful hierarchy-of-sources phrase.
T7	shared	Technologie et médias	False information spreads just as easily	les fausses informations s'y propagent tout aussi facilement	les fausses informations s'y propagent tout aussi facilement	À l'inverse, cette rapidité a un revers, car les fausses informations s'y propagent tout aussi facilement.	Technologie P10	Concise downside of digital speed.
T8	shared	Technologie et médias	Repeated passive consumption	l'effet répété d'une consommation passive	l'effet répété d'une consommation passive	Le vrai problème, c'est surtout l'effet répété d'une consommation passive, sans regard critique ni discussion.	Culture P31	Strong Culture-standard media phrase.
T9	shared	Technologie et médias	Limited screen time	un temps d'écran limité	un temps d'écran limité	Il faut donc que les parents fixent des règles : un âge minimum, un temps d'écran limité, certains réseaux interdits avant un certain âge.	Famille P1	Concrete parental-control collocation.
T10	shared	Technologie et médias	Too many notifications, messages and information	trop de notifications, trop de messages, trop d'informations	trop de notifications, trop de messages, trop d'informations	En effet, dans une société hyperconnectée, beaucoup de personnes ressentent une vraie fatigue : trop de notifications, trop de messages, trop d'informations.	Technologie P15	Memorable three-part digital-fatigue bundle.
T11	shared	Technologie et médias	Remote work and online collaboration tools	le télétravail, les réunions en visioconférence, les outils collaboratifs en ligne et le partage de fichiers	le télétravail, les réunions en visioconférence, les outils collaboratifs en ligne et le partage de fichiers	En effet, le télétravail, les réunions en visioconférence, les outils collaboratifs en ligne et le partage de fichiers ont permis à des équipes éloignées géographiquement de travailler ensemble efficacement.	Technologie P22; Technologie P23; Technologie P26	Concrete digital-work vocabulary.
T12	shared	Technologie et médias	Expectation of an immediate response outside working hours	une attente de réponse immédiate, même en dehors des heures de bureau	une attente de réponse immédiate, même en dehors des heures de bureau	En effet, la possibilité de joindre quelqu'un à toute heure crée souvent une attente de réponse immédiate, même en dehors des heures de bureau.	Technologie P22; Technologie P23; Technologie P26	Precise always-connected-work consequence.
ENV1	shared	Environnement et transports	Reduce some of one’s waste	réduire une partie de ses déchets	réduire une partie de ses déchets	À mon avis, presque tout le monde peut réduire une partie de ses déchets.	Environnement P3	Realistic rather than absolute target.
ENV2	shared	Environnement et transports	Reuse, repair or buy in bulk	réutiliser, réparer ou acheter en vrac	réutiliser, réparer ou acheter en vrac	Réutiliser, réparer ou acheter en vrac revient fréquemment moins cher que de racheter sans cesse des articles à usage unique.	Environnement P3	Combines ecological and economic benefits.
ENV3	shared	Environnement et transports	Move from individual to collective action	le passage de l'individuel au collectif	ce passage de l'individuel au collectif	C'est ce passage de l'individuel au collectif qui rend l'effort vraiment utile pour l'environnement.	Environnement P3	Explains why small actions matter.
ENV4	shared	Environnement et transports	Reduce one’s carbon footprint	réduire son empreinte carbone	réduire son empreinte carbone	À une époque où l'on demande à chacun de réduire son empreinte carbone, mobiliser autant de ressources pour quelques minutes dans l'espace est très difficile à justifier.	Economie P11; Technologie P17	Standard climate collocation.
ENV5	shared	Environnement et transports	Develop renewable energy	un développement des énergies renouvelables	un développement des énergies renouvelables	En effet, on observe de plus en plus de zones à faibles émissions dans les grandes villes, plus de transports publics, davantage de pistes cyclables et un développement des énergies renouvelables.	Environnement P11	Useful policy-progress phrase.
ENV6	shared	Environnement et transports	Fewer synthetic pesticides and greater respect for soil	moins de pesticides de synthèse et un meilleur respect des sols	moins de pesticides de synthèse et un meilleur respect des sols	En effet, plus la demande de produits bio augmente, plus les producteurs sont encouragés à se tourner vers des modes de production avec moins de pesticides de synthèse et un meilleur respect des sols.	Economie P8; Environnement P7; Environnement P12	Concrete organic-agriculture benefit.
ENV7	shared	Environnement et transports	Protect soil, waterways and biodiversity	préserver mieux les sols, les cours d'eau et la biodiversité	préserve mieux les sols, les cours d'eau et la biodiversité	L'agriculture biologique propose un modèle plus respectueux des cycles naturels, qui préserve mieux les sols, les cours d'eau et la biodiversité.	Environnement P13	Strong environmental three-part list.
ENV8	shared	Environnement et transports	Public transport is scarce or nonexistent	les transports en commun sont rares, voire inexistants	les transports en commun sont rares, voire inexistants	En effet, dans beaucoup de zones rurales, les transports en commun sont rares, voire inexistants, et les distances entre le logement, le travail et les commerces sont trop grandes pour être faites à pied ou à vélo.	Economie P24; Environnement P5; Environnement P10; Environnement P15; Technologie P20	Key rural-transport limitation.
ENV9	shared	Environnement et transports	Pedestrian and low-emission zones	des zones piétonnes / des zones à faibles émissions	des zones à faibles émissions	En effet, beaucoup de villes ont mis en place des zones piétonnes, des journées sans voiture ou des zones à faibles émissions où la circulation est très limitée.	Environnement P8	Concrete urban-policy collocations.
ENV10	shared	Environnement et transports	Carpooling, shared cars and local shuttles	covoiturage, voitures partagées, navettes locales	covoiturage, voitures partagées, navettes locales	Cependant, même en zone rurale, des solutions partielles existent : covoiturage, voitures partagées, navettes locales ou petits trajets à vélo.	Economie P24; Environnement P10; Environnement P15; Technologie P20	Ready-made alternatives list.
ENV11	shared	Environnement et transports	Pollution, noise and accidents	beaucoup de pollution, de bruit et d'accidents	beaucoup de pollution, de bruit et d'accidents	La concentration de voitures y crée beaucoup de pollution, de bruit et d'accidents, dans des rues souvent trop étroites pour absorber ce trafic.	Environnement P8	Concrete urban-cost bundle.
ENV12	shared	Environnement et transports	Exceed a territory’s carrying capacity	dépasser les capacités du territoire	dépasse les capacités du territoire	Cela montre que le tourisme peut vraiment fragiliser un environnement quand il dépasse les capacités du territoire.	Environnement P9; Environnement P16	Precise overtourism evaluation.
S16	shared	Structurer et prendre position	First of all,…	Tout d'abord, […]	Tout d'abord	Tout d'abord, être responsable demande des compétences humaines que tout le monde ne possède pas naturellement.	Culture P1; Culture P14; Economie P1; Economie P3; Education P1; Education P4; Education P6; Education P23; Environnement P1; Famille P1; Famille P3; Santé P1; Technologie P1; Technologie P9; Technologie P18	Introduces the first argument (Idée).
S17	shared	Structurer et prendre position	For example,…	Par exemple, […]	Par exemple	Par exemple, une personne qui apprend la langue petit à petit et qui adopte progressivement certaines coutumes du pays d'accueil s'intègre bien mieux que celle qui essaie de tout changer d'un coup.	Culture P1; Culture P2; Economie P1; Economie P2; Education P1; Education P2; Environnement P1; Environnement P2; Environnement P3; Famille P1; Famille P2; Santé P1; Santé P2; Technologie P1; Technologie P2	Introduces a concrete example (Exemple).
N21	shared	Nuancer et comparer	On the other hand,…	En revanche, […]	En revanche	En revanche, les abandonner peut créer un sentiment de vide et fragiliser l'équilibre personnel.	Culture P1; Economie P1; Economie P3; Economie P6; Education P1; Education P2; Environnement P1; Environnement P2; Famille P1; Famille P4; Santé P1; Santé P2; Santé P22; Technologie P1; Technologie P2	Marks a strong contrast between two ideas.
N22	shared	Nuancer et comparer	increasingly / more and more	de plus en plus […]	de plus en plus	Enfin, je pense que la publicité et les algorithmes pèsent de plus en plus sur nos choix de consommateurs.	Culture P34; Economie P7; Economie P8; Education P4; Environnement P5; Environnement P7; Environnement P11; Environnement P12; Environnement P13; Environnement P14; Santé P9; Santé P13; Santé P16; Santé P24; Technologie P11	Expresses a growing trend or intensity.
C19	shared	Cause, conséquence et évaluation	This shows that…	Cela montre que […]	Cela montre que	Cela montre que la télévision, bien choisie, peut jouer un vrai rôle éducatif.	Culture P12; Culture P13; Culture P14; Economie P1; Economie P2; Education P1; Education P3; Environnement P1; Environnement P2; Famille P1; Famille P2; Santé P1; Santé P2; Technologie P1; Technologie P2	Draws a conclusion from an example (Conséquence).
C20	shared	Cause, conséquence et évaluation	Indeed, / In fact,…	En effet, […]	En effet	En effet, certains aspects du quotidien sont imposés par le pays lui-même : le climat, le rythme du travail, les démarches administratives ou certains codes sociaux.	Culture P1; Culture P2; Economie P1; Economie P2; Economie P3; Education P1; Education P2; Environnement P1; Environnement P2; Famille P1; Famille P2; Santé P1; Santé P2; Technologie P1; Technologie P2	Opens the development by justifying the idea.
A23	response	Schémas d'argumentation	to truly integrate, one must also…	pour vraiment s'intégrer, il faut aussi […]	pour vraiment s'intégrer, il faut aussi	À mon avis, garder des liens avec des personnes de son pays d'origine est utile, surtout au début, mais il ne faut pas s'y limiter : pour vraiment s'intégrer, il faut aussi s'ouvrir aux habitants du pays d'accueil.	Culture P11	Infinitive after il faut; concessive nuance.
A24	response	Schémas d'argumentation	this is not at odds with integration	[…] n'est pas contraire à l'intégration	n'est pas contraire à l'intégration	Cette préservation n'est pas contraire à l'intégration, à condition qu'elle s'accompagne d'une vraie ouverture.	Culture P10	Defends a point; often + à condition que.
A25	response	Schémas d'argumentation	but one must not stop there	il ne faut pas s'y limiter	il ne faut pas s'y limiter	À mon avis, garder des liens avec des personnes de son pays d'origine est utile, surtout au début, mais il ne faut pas s'y limiter : pour vraiment s'intégrer, il faut aussi s'ouvrir aux habitants du pays d'accueil.	Culture P11	y = à cela; qualifies a first concession.
N23	shared	Nuancer et comparer	without thereby […]	sans pour autant [infinitif]	sans pour autant	Enfin, on peut remplir toutes les conditions visibles — langue, travail, logement — sans pour autant se sentir vraiment chez soi.	Culture P30	+ infinitive; concedes a limit.
N24	shared	Nuancer et comparer	this is not inevitable	[…] n'est pas une fatalité	n'est pas une fatalité	Mais cette difficulté n'est pas une fatalité : elle dépend largement des conditions du départ.	Culture P29	Counters a weak point; feminine noun.
N25	response	Nuancer et comparer	in most cases	dans la plupart des cas	dans la plupart des cas	Le mot « toujours » est donc trop fort, mais le bilan reste, dans la plupart des cas, plutôt enrichissant.	Culture P17	Measured quantifier; softens a claim.
N26	response	Nuancer et comparer	overnight / from one day to the next	du jour au lendemain	du jour au lendemain	À l'étranger, ce réseau disparaît du jour au lendemain, et il faut tout reconstruire à partir de zéro.	Culture P9	Fixed idiom, invariable.
C21	response	Cause, conséquence et évaluation	can weigh very heavily	peut peser très lourd	peut peser très lourd	Cette solitude, surtout au début, peut peser très lourd.	Culture P9	Subject is usually an abstract noun.
C22	response	Cause, conséquence et évaluation	completely changes the experience	change complètement l'expérience	change complètement l'expérience	Partir avec un objectif défini, un minimum de moyens financiers, une base de la langue et un statut sécurisé change complètement l'expérience.	Culture P29	Strong evaluative result verb.
I16	response	Étranger et immigration	almost everything has to be relearned	presque tout est à réapprendre	presque tout est à réapprendre	En effet, dans les premiers mois, presque tout est à réapprendre : la langue, les démarches administratives, le système de santé et même les habitudes alimentaires.	Culture P9; Culture P17; Culture P29	être à + infinitive = must be done.
I17	response	Étranger et immigration	a minimum of financial resources	un minimum de moyens financiers	un minimum de moyens financiers	Partir avec un objectif défini, un minimum de moyens financiers, une base de la langue et un statut sécurisé change complètement l'expérience.	Culture P29	Noun phrase; a basic departure condition for living abroad.
I18	response	Étranger et immigration	a secure legal status	un statut sécurisé	un statut sécurisé	Partir avec un objectif défini, un minimum de moyens financiers, une base de la langue et un statut sécurisé change complètement l'expérience.	Culture P29	Immigration-status vocabulary.
A26	shared	Schémas d'argumentation	X is not the most important thing	[…] n'est pas la chose la plus importante	n'est pas la chose la plus importante	À mon avis, le salaire n'est pas la chose la plus importante dans un travail.	Economie P13	Superlative with definite article.
A27	response	Schémas d'argumentation	there is a real problem of priorities	un vrai problème de priorité	un vrai problème de priorité	Cela montre qu'il existe un vrai problème de priorité dans l'utilisation de ces moyens.	Economie P11	Evaluative noun phrase for critique.
N27	shared	Nuancer et comparer	by contrast / conversely	À l'opposé, […]	À l'opposé,	À l'opposé, un cadre de travail respectueux permet aux salariés de tenir dans la durée sans s'épuiser.	Economie P6	Sentence-initial contrast connector.
C23	response	Cause, conséquence et évaluation	often come before […]	[…] passent souvent avant […]	passent souvent avant	Enfin, parce que la sécurité et la stabilité de l'emploi passent souvent avant le montant du salaire.	Economie P13	Ranking priorities; plural subject.
S18	shared	Structurer et prendre position	in conclusion, I think that…	En conclusion, je pense que […]	En conclusion, je pense que	En conclusion, je pense que les revenus de certains grands sportifs sont effectivement excessifs, surtout quand on les compare aux métiers essentiels.	Economie P2	Concluding formula; + indicative.
W14	response	Travail et économie	a real source of income	une vraie source de revenus	une vraie source de revenus	D'abord, parce que c'est une vraie source de revenus et d'emplois pour le pays.	Economie P16	Economic-benefit vocabulary.
W15	response	Travail et économie	plays a real economic role	joue un vrai rôle économique	joue un vrai rôle économique	Cela montre que le tourisme joue un vrai rôle économique pour le pays.	Economie P16	Impact vocabulary for economy prompts.
W16	response	Travail et économie	local track record / references	des références canadiennes	des références canadiennes	Cela oblige souvent les nouveaux arrivants à accepter d'abord des emplois très en dessous de leurs qualifications de départ, le temps d'obtenir des références canadiennes.	Economie P1	Local experience; generalisable phrase.
W17	response	Travail et économie	an exhausting work environment	un environnement épuisant	un environnement épuisant	En revanche, un très bon salaire dans un environnement épuisant finit souvent par coûter cher en santé.	Economie P13	Working-conditions vocabulary.
W18	response	Travail et économie	the amount of the salary	le montant du salaire	le montant du salaire	Enfin, parce que la sécurité et la stabilité de l'emploi passent souvent avant le montant du salaire.	Economie P9	Pay level; often deprioritised vs stability.
A28	shared	Schémas d'argumentation	goes well beyond […]	[…] dépasse largement […]	dépasse largement	Enfin, je pense que l'école doit préparer à la vie d'adulte, ce qui dépasse largement le programme officiel.	Education P18	Comparative intensifier: far exceeds / goes well beyond.
A29	shared	Schémas d'argumentation	there's no age limit for […]	il n'y a pas d'âge pour [infinitif]	il n'y a pas d'âge pour	À mon avis, oui, il n'y a pas d'âge pour faire des études, même si la manière de les vivre change avec l'âge.	Education P7	+ infinitive; lifelong-learning claim.
A30	response	Schémas d'argumentation	school must first secure the basics	doit d'abord assurer les apprentissages fondamentaux	doit d'abord assurer les apprentissages fondamentaux	Cependant, il est vrai que l'école doit d'abord assurer les apprentissages fondamentaux comme lire, écrire et compter.	Education P11	Prioritising essentials.
N28	response	Nuancer et comparer	and not only […]	et pas seulement à […]	pas seulement à	D'abord, parce que l'école doit apprendre à vivre avec les autres, et pas seulement à connaître des matières.	Education P18	Contrasts two aims; + infinitive.
N29	response	Nuancer et comparer	hard to acquire otherwise	difficile à acquérir autrement	difficile à acquérir autrement	D'abord, parce que les études donnent un socle de connaissances et de compétences difficile à acquérir autrement.	Education P12	adjective + à + infinitive.
C24	response	Cause, conséquence et évaluation	compare sources	comparer les sources	comparer les sources	En effet, face à des informations contradictoires, il est essentiel que les élèves sachent comparer les sources et construire leur propre opinion.	Education P18	Concise critical-thinking collocation.
ED13	response	Éducation et apprentissage	basic subjects like reading and maths	lire, écrire et compter	lire, écrire et compter	Cependant, il est vrai que l'école doit d'abord assurer les apprentissages fondamentaux comme lire, écrire et compter.	Education P11	Canonical trio of school basics.
ED14	response	Éducation et apprentissage	cultural subjects	les matières culturelles	les matières culturelles	La vraie question est de savoir si les matières culturelles comme la musique, le dessin ou le théâtre ont vraiment leur place à l'école.	Education P11	School-curriculum vocabulary.
A31	shared	Schémas d'argumentation	it has become necessary to […]	il est devenu nécessaire de [infinitif]	il est devenu nécessaire de	La vraie question est de savoir s'il est devenu nécessaire de réduire la place de la voiture dans les villes.	Environnement P6	devenir + adj + de + infinitive.
A32	response	Schémas d'argumentation	moves in the right direction	va dans une bonne direction	va dans une bonne direction	À mon avis, le développement de l'agriculture biologique va dans une bonne direction.	Environnement P13	Evaluating a trend positively.
N30	response	Nuancer et comparer	can still be useful, but only if	peuvent encore avoir une utilité, mais seulement	peuvent encore avoir une utilité, mais seulement	À mon avis, oui, les parcs zoologiques peuvent encore avoir une utilité, mais seulement à condition de respecter le bien-être des animaux.	Environnement P2	Controlled concession.
N31	response	Nuancer et comparer	would be mainly symbolic	seraient surtout symboliques	seraient surtout symboliques	En revanche, des mesures qui ignoreraient ces sources principales seraient surtout symboliques.	Environnement P11	Conditional; criticises weak measures.
C25	shared	Cause, conséquence et évaluation	the more…, the more…	plus […] augmente, plus […]	plus la demande de produits bio augmente, plus	En effet, plus la demande de produits bio augmente, plus les producteurs sont encouragés à se tourner vers des modes de production avec moins de pesticides de synthèse et un meilleur respect des sols.	Environnement P12	Proportional plus…plus… correlation.
C26	response	Cause, conséquence et évaluation	more visitors than it can handle	plus de visiteurs qu'il ne peut en supporter	plus de visiteurs qu'il ne peut en supporter	En effet, quand un territoire accueille beaucoup plus de visiteurs qu'il ne peut en supporter, on observe rapidement une augmentation des déchets, une dégradation des sites naturels et une pression accrue sur l'eau et l'énergie.	Environnement P9; Environnement P16	Comparative + ne explétif.
ENV13	response	Environnement et transports	pollution, noise and traffic jams	beaucoup de pollution, de bruit et d'embouteillages	beaucoup de pollution, de bruit et d'embouteillages	D'abord, parce qu'une circulation trop dense crée beaucoup de pollution, de bruit et d'embouteillages.	Environnement P6	Bundle of urban-traffic harms.
ENV14	response	Environnement et transports	thermal renovation of housing	la rénovation thermique des logements	la rénovation thermique des logements	Par exemple, les aides à la rénovation thermique des logements permettent à la fois de réduire la consommation d'énergie et les émissions liées au chauffage, ce qui touche directement une des grandes sources de pollution.	Environnement P11	Energy-policy vocabulary.
ENV15	response	Environnement et transports	short-term rentals	les locations de courte durée	locations de courte durée	En effet, quand une ville devient très touristique, les loyers et les prix de l'immobilier augmentent souvent fortement, parce que les logements sont transformés en locations de courte durée.	Environnement P16	Tourism/housing vocabulary.
ENV16	response	Environnement et transports	returned to pedestrians and bikes	rendus aux piétons et aux vélos	rendus aux piétons et aux vélos	À l'opposé, ces mêmes espaces deviennent beaucoup plus agréables quand ils sont rendus aux piétons et aux vélos.	Environnement P8	Urban-mobility vocabulary.
A33	response	Schémas d'argumentation	a genuine family commitment	une vraie volonté familiale	une vraie volonté familiale	Il faut donc une vraie volonté familiale, sans pour autant transformer cela en obligation pesante.	Famille P13	Abstract noun for bilingual upbringing.
N32	shared	Nuancer et comparer	it is not the same thing as […]	ce n'est pas la même chose que […]	ce n'est pas la même chose que	Cela montre que rester chez ses parents par confiance et bien-être, ce n'est pas la même chose que rester par paresse.	Famille P2	Separates two cases; + noun/infinitive.
C27	response	Cause, conséquence et évaluation	ends up creating a real void	finit par créer un vrai manque	finit par créer un vrai manque	En effet, ne plus voir ses proches au quotidien et ne plus partager les petits moments de la vie ordinaire — un repas, une discussion du soir, un coup de main spontané — finit par créer un vrai manque.	Famille P5	finir par + infinitive; emotional result.
C28	response	Famille et relations	as the child grows in maturity	à mesure que l'enfant gagne en maturité	à mesure que l'enfant gagne en maturité	On commence par des usages simples, sous le regard des parents, puis on élargit à mesure que l'enfant gagne en maturité.	Famille P1	à mesure que = progressive parallel.
S19	response	Structurer et prendre position	protects both trust and balance	[…] protège à la fois la confiance et l'équilibre	protège à la fois la confiance et l'équilibre	Cette honnêteté, exprimée avec délicatesse, protège à la fois la confiance et l'équilibre de l'enfant.	Famille P17	Verb protéger + à la fois … et …; needs a subject.
F11	response	Famille et relations	share the heavy chores	partager les tâches lourdes	partager les tâches lourdes	En effet, un jeune adulte présent à la maison peut aussi aider ses parents au quotidien : partager les tâches lourdes, s'occuper des démarches en ligne ou simplement leur tenir compagnie, surtout à mesure qu'ils vieillissent.	Famille P2	Household-responsibility collocation.
F12	response	Famille et relations	keep them company	leur tenir compagnie	leur tenir compagnie	En effet, un jeune adulte présent à la maison peut aussi aider ses parents au quotidien : partager les tâches lourdes, s'occuper des démarches en ligne ou simplement leur tenir compagnie, surtout à mesure qu'ils vieillissent.	Famille P2	Caregiving collocation; indirect object.
F13	response	Famille et relations	the small, ordinary moments of daily life	les petits moments ordinaires du quotidien	les petits moments ordinaires du quotidien	Par exemple, beaucoup de personnes installées loin de chez elles disent que ce qui manque le plus, ce ne sont pas les grands événements, mais les petits moments ordinaires du quotidien qu'on ne partage plus.	Famille P5	High-value family-distance phrase.
F14	response	Famille et relations	feel left out / sidelined	se sentir mis à l'écart	se sentir mis à l'écart	À l'adolescence, les réseaux sociaux font partie de la vie sociale, et un enfant complètement coupé de ces échanges peut se sentir mis à l'écart.	Famille P1	Reflexive; social-exclusion vocabulary.
F15	response	Famille et relations	keep a natural bond	garder un lien naturel	garder un lien naturel	À l'opposé, vivre près de sa famille permet de garder un lien naturel, sans avoir besoin de planifier chaque rencontre des semaines à l'avance.	Famille P5	Proximity/closeness vocabulary.
A34	response	Santé	health depends above all on…	dépend surtout de l'équilibre alimentaire global	dépend surtout de l'équilibre alimentaire global	D'abord, parce qu'une bonne santé dépend surtout de l'équilibre alimentaire global, pas d'une interdiction absolue.	Santé P6	Rejects single-factor reasoning.
A35	response	Schémas d'argumentation	it is not a universal rule	ce n'est pas une règle universelle	ce n'est pas une règle universelle	À mon avis, non, je ne suis pas totalement d'accord : pour beaucoup de personnes les médicaments sont indispensables, mais ce n'est pas une règle universelle.	Santé P23	Strong reusable qualifier of a claim.
N33	response	Nuancer et comparer	money is a means, not an end	l'argent est un moyen, pas une fin	l'argent est un moyen, pas une fin	Cela permet de comprendre que l'argent est un moyen, pas une fin en soi.	Santé P20	moyen/fin opposition.
C29	response	Santé	what really weighs on health is…	ce qui pèse vraiment sur la santé	ce qui pèse vraiment sur la santé	En effet, ce qui pèse vraiment sur la santé, c'est la qualité d'ensemble de l'alimentation : assez de fruits et légumes, des produits variés, peu de sucre et peu de produits ultra-transformés.	Santé P6	Cleft ce qui … c'est for emphasis.
C30	response	Cause, conséquence et évaluation	the body no longer has time to recover	le corps n'a plus le temps de récupérer	le corps n'a plus le temps de récupérer	En effet, quand le stress devient permanent, le corps n'a plus le temps de récupérer.	Santé P21	ne … plus + de + infinitive.
C31	response	Cause, conséquence et évaluation	it becomes destructive	il devient destructeur	il devient destructeur	Cela permet de comprendre qu'un stress chronique n'a plus rien de stimulant : il devient destructeur.	Santé P17	Tipping-point evaluation.
H12	response	Santé	a good, healthy lifestyle	une bonne hygiène de vie	une bonne hygiène de vie	Ensuite, parce que la santé dépend aussi du sommeil, de l'alimentation, du stress et d'une bonne hygiène de vie.	Santé P23	Core health collocation.
H13	response	Santé	essential needs	les besoins essentiels	les besoins essentiels	À mon avis, il n'est pas nécessaire de gagner beaucoup d'argent, mais il faut au moins un revenu qui permette de couvrir les besoins essentiels.	Santé P20	Social-argument vocabulary.
H14	response	Santé	concrete levers to improve things	des leviers concrets	des leviers concrets	Cela montre qu'il existe des leviers concrets pour améliorer la situation, sans tout remettre en cause.	Santé P16	Solution-oriented conclusion vocabulary.
H15	response	Santé	a pressure-then-release cycle	le cycle « pression puis relâchement »	pression puis relâchement	C'est ce cycle « pression puis relâchement » qui permet au corps et à l'esprit de récupérer leurs ressources.	Santé P21	Vivid image for stress management.
A36	response	Schémas d'argumentation	it's the use that makes the difference	c'est l'usage qui fait la différence	C'est l'usage qui fait la différence	Il faut donc que chacun garde un bon équilibre : c'est l'usage qui fait la différence, pas l'outil.	Technologie P7	Cleft; tool vs use argument.
A37	response	Schémas d'argumentation	quality of ties matters more than quantity	la qualité des liens compte beaucoup plus que la quantité	la qualité des liens compte beaucoup plus que la quantité	Cela montre que la qualité des liens compte beaucoup plus que la quantité de contacts en ligne.	Technologie P7	Evaluative comparison.
N34	response	Nuancer et comparer	without these tools	sans ces outils, […]	sans ces outils	À l'opposé, sans ces outils, beaucoup d'organisations actuelles ne pourraient tout simplement pas fonctionner.	Technologie P22	Counter-factual framing.
C32	response	Cause, conséquence et évaluation	which sometimes helps one better understand…	ce qui aide parfois à mieux comprendre	ce qui aide parfois à mieux comprendre	Ensuite, je pense qu'ils permettent de voir les grands événements en images, ce qui aide parfois à mieux comprendre certains sujets.	Technologie P6	ce qui refers to whole clause.
S20	shared	Structurer et prendre position	the challenge today is to […]	Le défi est aujourd'hui de [infinitif]	Le défi est aujourd'hui de	Le défi est aujourd'hui de trouver un usage plus équilibré.	Technologie P22	Forward-looking conclusion; + infinitive.
T13	response	Technologie et médias	a multi-purpose device	un outil multifonction	un outil multifonction	En effet, le téléphone portable est devenu un outil multifonction : appels, messages, GPS, billets de train, rendez-vous médicaux, démarches administratives, banque en ligne.	Technologie P8	Reusable tech noun phrase.
T14	response	Technologie et médias	a quick overview of the news	une vue d'ensemble rapide de l'actualité	une vue d'ensemble rapide de l'actualité	À mon avis, les journaux télévisés gardent une vraie utilité, surtout pour avoir une vue d'ensemble rapide de l'actualité.	Technologie P6	Media-consumption vocabulary.
T15	response	Technologie et médias	critical thinking	l'esprit critique	l'esprit critique	En effet, ce qui fait la qualité de l'information, c'est moins le support que le sérieux des journalistes, la diversité des points de vue et l'esprit critique du lecteur.	Technologie P3	Pairs with sources/points de vue.
T16	response	Technologie et médias	independence from technology	une indépendance vis-à-vis de la technologie	une indépendance vis-à-vis de la technologie	Enfin, parce que la lettre offre une durabilité et une indépendance vis-à-vis de la technologie que le numérique n'a pas.	Technologie P12	vis-à-vis de + noun.
T17	response	Technologie et médias	without a frame, it becomes draining	Sans cadre, il devient une source d'épuisement	Sans cadre, il devient une source d'épuisement	Sans cadre, il devient une source d'épuisement.	Technologie P22	Compact diagnostic contrast.
C33	response	Cause, conséquence et évaluation	learn by rote	apprendre par cœur	apprendre par cœur	En revanche, une école qui se contente de faire apprendre par cœur produit des élèves obéissants, mais peu autonomes face aux idées.	Education P18	Fixed idiom; contrast with autonomy.
ED15	response	Travail et économie	entry into working life	l'entrée dans la vie active	l'entrée dans la vie active	Cela montre que les études donnent une véritable base professionnelle qui facilite l'entrée dans la vie active.	Education P12; Economie P10	School-to-work vocabulary.
ED16	response	Éducation et apprentissage	a real professional grounding	une véritable base professionnelle	une véritable base professionnelle	Cela montre que les études donnent une véritable base professionnelle qui facilite l'entrée dans la vie active.	Education P12	Value-of-studies vocabulary.
ED17	response	Éducation et apprentissage	remain at a classroom-only level	rester à un niveau scolaire	restent à un niveau scolaire	À l'inverse, beaucoup d'apprenants restent à un niveau scolaire parce qu'ils n'osent pas s'exprimer en situation réelle.	Education P13	Contrast: theory vs real use.
N35	response	Nuancer et comparer	on a large scale	à grande échelle	à grande échelle	En effet, un seul geste isolé n'a pas un grand impact, mais quand il est répété à grande échelle, il représente des tonnes de déchets en moins chaque année.	Environnement P3	Fixed adverbial; pairs with a verb, e.g. répété à grande échelle.
C34	response	Cause, conséquence et évaluation	a single isolated action	un seul geste isolé	un seul geste isolé	En effet, un seul geste isolé n'a pas un grand impact, mais quand il est répété à grande échelle, il représente des tonnes de déchets en moins chaque année.	Environnement P3	Downplays lone effort before scaling.
W19	response	Travail et économie	a sufficient income	un revenu suffisant	un revenu suffisant	À mon avis, non, il n'est pas nécessaire de gagner beaucoup d'argent pour profiter de la vie, même si un revenu suffisant reste important.	Economie P18	Economic-wellbeing vocabulary.
C35	response	Cause, conséquence et évaluation	profoundly change quality of life	changent profondément la qualité de vie	changent profondément la qualité de vie	De bonnes conditions de travail, comme un horaire raisonnable, un bon climat d'équipe et une charge de travail tenable, changent profondément la qualité de vie.	Economie P9	Strong evaluative result verb.
C36	response	Cause, conséquence et évaluation	can shut down dialogue	peut bloquer le dialogue	peut bloquer le dialogue	L'enfant agit non pas par compréhension, mais par peur, et cela peut bloquer le dialogue à l'adolescence.	Famille P12	Parenting consequence vocabulary.
F16	response	Famille et relations	contribute to household expenses	contribuer aux dépenses	contribuer aux dépenses	En effet, un adulte qui vit chez ses parents peut contribuer aux dépenses, prendre en charge une partie des tâches et aider ses parents qui vieillissent, pour les démarches, le transport ou les gros travaux.	Famille P16	Shared-responsibility vocabulary.
H16	response	Santé	the rise in life expectancy	l'allongement de l'espérance de vie	l'allongement de l'espérance de vie	Cependant, je comprends qu'avec l'allongement de l'espérance de vie, il est logique d'envisager une fin de carrière plus tardive pour certaines personnes.	Santé P15	Society-and-health vocabulary.
H17	response	Santé	risky behaviours	des comportements à risque	des comportements à risque	Au contraire, une attitude trop molle laisse s'installer des comportements à risque qui pèsent sur tout le système de santé.	Santé P10	Public-health vocabulary.
T18	response	Technologie et médias	real human interactions	un besoin d'interactions humaines réelles	besoin d'interactions humaines réelles	Pour les très jeunes, en particulier avant trois ans, les spécialistes déconseillent même largement les écrans, car l'enfant a surtout besoin d'interactions humaines réelles.	Technologie P14	Contrast with screen use.
T19	response	Technologie et médias	excessive use	un usage excessif	un usage excessif	Cependant, un usage excessif ou des jeux inadaptés peuvent au contraire créer des problèmes de concentration, de sommeil ou de comportement.	Technologie P19	Digital-overuse vocabulary.
C37	response	Cause, conséquence et évaluation	one's dignity is directly threatened	leur dignité est directement menacée	leur dignité est directement menacée	En effet, quand des personnes manquent de logement, de nourriture, de soins médicaux ou d'accès à l'éducation, leur dignité est directement menacée et leur avenir devient très difficile à construire.	Culture P4	Passive with être + participle.
C38	response	Cause, conséquence et évaluation	positive ripple effects	des effets en chaîne très positifs	des effets en chaîne très positifs	Cela produit des effets en chaîne très positifs sur la santé, l'éducation, l'emploi et la cohésion sociale.	Culture P4	En chaîne = ripple effects.
C39	response	Cause, conséquence et évaluation	concrete, coordinated action	une action concrète et coordonnée	action concrète et coordonnée	Cela permet de transformer une cause urgente en action concrète et coordonnée, et de produire des changements visibles dans la vie des personnes concernées.	Culture P4	Paired adjectives after noun.
C40	shared	Cause, conséquence et évaluation	amplify negative behaviors	amplifier les comportements négatifs	amplifient les comportements négatifs	Ensuite, elles connaissent souvent les jeunes à travers les médias plutôt qu'à travers le contact réel, et les médias amplifient les comportements négatifs.	Culture P8; Culture P2	Amplifier = make stronger.
C41	response	Cause, conséquence et évaluation	make judgments more measured	rendre les jugements beaucoup plus mesurés	rend les jugements beaucoup plus mesurés	Le contact direct remplace l'image abstraite par une expérience humaine, ce qui rend les jugements beaucoup plus mesurés.	Culture P2; Culture P8	Rendre + object + adjective.
C43	response	Cause, conséquence et évaluation	demand enormous daily energy	demander énormément d'énergie au quotidien	demande énormément d'énergie au quotidien	Cela demande énormément d'énergie au quotidien.	Culture P9	Demander = require.
C44	response	Cause, conséquence et évaluation	enrich the host country	enrichir le pays d'accueil	enrichir le pays d'accueil	Enfin, elles peuvent même enrichir le pays d'accueil, à condition de rester ouvert.	Culture P10	Enrichir works culturally.
C45	response	Cause, conséquence et évaluation	end up slowing integration	finir par freiner l'intégration	finit par freiner l'intégration	Même si la communauté d'origine apporte un vrai soutien, s'y enfermer finit par freiner l'intégration.	Culture P11	Finir par = end up.
C46	response	Cause, conséquence et évaluation	make all the difference	faire la vraie différence	font la vraie différence	Enfin, ce sont les liens construits avec les habitants du pays d'accueil qui font la vraie différence.	Culture P11	Faire la différence = matter.
C47	shared	Cause, conséquence et évaluation	the time spent on it	le temps qu'on y consacre	du temps qu'on y consacre	À mon avis, le temps passé devant la télévision n'est pas du temps perdu en soi : tout dépend de ce que l'on regarde, du temps qu'on y consacre et de l'esprit critique que l'on garde.	Culture P12; Technologie P10	Consacrer du temps à qch; y = à cela.
C48	response	Cause, conséquence et évaluation	keep a critical mindset	garder son esprit critique	de l'esprit critique que l'on garde	À mon avis, le temps passé devant la télévision n'est pas du temps perdu en soi : tout dépend de ce que l'on regarde, du temps qu'on y consacre et de l'esprit critique que l'on garde.	Culture P12	Garder son esprit critique = stay critical.
C49	response	Cause, conséquence et évaluation	make realities more concrete	rendre certaines réalités plus concrètes	rendent certaines réalités plus concrètes	De plus, l'image et le son rendent certaines réalités plus concrètes : on voit vraiment un pays, une crise ou un métier, au lieu de seulement les imaginer.	Culture P12	Rendre + objet + adjectif.
C50	response	Cause, conséquence et évaluation	TV creates social ties	un rôle de lien social	un rôle de lien social	La télévision joue donc aussi un rôle de lien social, surtout dans les foyers où elle reste un point de rencontre.	Culture P12	Social link
C51	response	Travail et économie	art jobs are serious jobs	de vrais métiers sérieux	de vrais métiers sérieux	En effet, les métiers artistiques sont de vrais métiers sérieux, qui demandent une vraie discipline et une formation longue et exigeante.	Culture P13; Culture P7	Seriousness
C52	response	Cause, conséquence et évaluation	a modern country is rarely homogeneous	un pays moderne est rarement homogène	un pays moderne est rarement homogène	En effet, un pays moderne est rarement homogène : il s'enrichit toujours de la cuisine, de la musique, des fêtes et des langues apportées par celles et ceux qui viennent d'ailleurs.	Culture P10; Culture P14; Culture P35	Society
C53	response	Technologie et médias	internet lets you communicate in real time	Internet permet de communiquer en temps réel	Internet permet de communiquer en temps réel	En effet, Internet permet de communiquer en temps réel avec des personnes du monde entier, d'échanger avec elles et de partager leur quotidien.	Culture P14	Online exchange
C54	response	Cause, conséquence et évaluation	food tells a lot about everyday life	raconte beaucoup sur la vie quotidienne	raconte beaucoup sur la vie quotidienne	Je pense d'abord que la cuisine d'un pays raconte beaucoup sur la vie quotidienne et les relations entre les gens.	Culture P15	Daily meaning
C55	response	Famille et relations	choose friends freely	choisir ses amis librement	on choisit ses amis librement	En effet, on choisit ses amis librement, ce qui crée souvent une grande confiance et une vraie liberté de parole.	Culture P16	Choisir takes a direct object.
C56	response	Cause, conséquence et évaluation	increase stress and depression risk	augmenter le stress et le risque de dépression	augmente le stress et le risque de dépression	En effet, l'isolement prolongé n'affecte pas seulement l'humeur : il augmente le stress et le risque de dépression, et il a même des conséquences sur la santé physique, au point d'être aujourd'hui considéré comme un vrai problème de santé publique.	Culture P16	Augmenter + direct object for a risk.
C57	response	Cause, conséquence et évaluation	give messages a physical presence	donner à [qch] une présence physique	donnait à ces messages une présence physique	De plus, le simple fait de voir l'écriture de quelqu'un, de toucher le papier, donnait à ces messages une présence physique que l'on ne retrouve pas dans un texte sur un écran.	Culture P18	Donner à + bénéficiaire + objet.
C58	response	Cause, conséquence et évaluation	have to manage everything	devoir tout gérer	on doit tout gérer	En effet, quand on voyage seul, on doit tout gérer : réserver, s'orienter, choisir, faire face aux imprévus et résoudre les problèmes sans aide.	Culture P21	Devoir + infinitive marks necessity.
C59	response	Cause, conséquence et évaluation	makes integration real	rendre l'intégration réelle	rendent l'intégration réelle	À mon avis, créer de vraies relations avec les habitants est presque indispensable pour bien vivre à l'étranger, parce que ce sont ces liens qui rendent l'intégration réelle, durable et humainement satisfaisante.	Culture P24	Connect ties to integration.
C60	response	Cause, conséquence et évaluation	keep a persistent gap	garder un décalage avec […]	garde toujours un décalage	Sans ces échanges directs, on garde toujours un décalage avec la société dans laquelle on vit.	Culture P24	Avec marks what you are out of step with.
C61	shared	Cause, conséquence et évaluation	plays a central role	jouer un rôle central dans […]	la dimension professionnelle joue un rôle central dans la décision de partir	Cela montre que la dimension professionnelle joue un rôle central dans la décision de partir.	Culture P25	Use to weigh a factor.
C62	response	Cause, conséquence et évaluation	a real need for personal growth	un vrai besoin de croissance personnelle	un vrai besoin de croissance personnelle	Cela montre que vivre à l'étranger répond aussi à un vrai besoin de croissance personnelle.	Culture P25	Names an inner motivation.
C63	response	Cause, conséquence et évaluation	makes procedures easier	faciliter les démarches	facilite les démarches	À mon avis, il est très important de bien connaître le pays d'accueil avant d'immigrer, parce que cela facilite les démarches une fois sur place, permet de construire un projet réaliste et aide à se préparer aux différences culturelles.	Culture P26	Use for practical benefits.
C64	response	Cause, conséquence et évaluation	avoid a brutal shock	éviter un choc trop brutal	éviter un choc trop brutal	Enfin, elle aide à se préparer mentalement aux différences culturelles et à éviter un choc trop brutal.	Culture P26	Use for prevention.
C65	response	Cause, conséquence et évaluation	know what to expect	savoir à quoi s'attendre	on sait à quoi s'attendre	En s'informant à l'avance, on sait à quoi s'attendre et on accepte plus facilement les choses qui ne correspondent pas à ses habitudes.	Culture P26	Preparation formula.
C66	response	Cause, conséquence et évaluation	inevitably get lost over time	se perdre inévitablement avec le temps	se perdent inévitablement avec le temps	On ne peut pas la pratiquer exactement comme sur place, et certains éléments se perdent inévitablement avec le temps.	Culture P27	Use for partial loss.
C67	response	Cause, conséquence et évaluation	misinterpret situations	mal interpréter les situations	mal interpréter les situations	Tant que ces codes ne sont pas maîtrisés, on continue souvent à mal interpréter les situations et à se sentir maladroit dans ses échanges quotidiens.	Culture P30	Use for code misunderstanding.
C68	response	Cause, conséquence et évaluation	remain on the margins	rester à la périphérie de […]	reste souvent à la périphérie	De plus, même dans un pays accueillant, les groupes d'amis et les réseaux professionnels sont déjà formés : un nouvel arrivant doit faire ses preuves longtemps avant d'y être pleinement inclus et reste souvent à la périphérie de ces cercles.	Culture P30	Metaphor for exclusion.
C69	response	Cause, conséquence et évaluation	a distorted vision of success	une vision déformée de la réussite	une vision déformée de la réussite	Cela montre que la télé-réalité installe peu à peu une vision déformée de la réussite chez les jeunes.	Culture P31	Names harmful effect.
C70	response	Cause, conséquence et évaluation	boost ratings	faire monter l'audience	font monter l'audience	En effet, beaucoup de programmes reposent sur les disputes, les insultes, la jalousie ou les manipulations entre les participants, parce que ces moments font monter l'audience.	Culture P31	Explain media incentive.
C71	response	Cause, conséquence et évaluation	from seeing it repeatedly	à force d'en voir	À force d'en voir	À force d'en voir, les jeunes peuvent finir par les considérer comme une manière acceptable de gérer les relations ou les conflits.	Culture P31	Shows repetition effect.
C72	response	Cause, conséquence et évaluation	make behaviors seem ordinary	rendre ordinaires des comportements	rendre ordinaires des comportements	Cela montre que la télé-réalité contribue à rendre ordinaires des comportements qui posent en réalité de vrais problèmes.	Culture P31	Effect phrase.
C73	response	Cause, conséquence et évaluation	without measuring all the consequences	sans mesurer toutes les conséquences	sans en mesurer toutes les conséquences	De plus, une célébrité élue uniquement grâce à sa popularité risque de prendre des décisions importantes sans en mesurer toutes les conséquences.	Culture P33	Use for irresponsible decisions.
C74	response	Cause, conséquence et évaluation	weaken our critical judgment	affaiblir notre esprit critique	affaiblir notre esprit critique	Enfin, la publicité et les algorithmes influencent nos choix au point d'affaiblir notre esprit critique de consommateurs.	Culture P34	Use for advertising impact.
C75	response	Cause, conséquence et évaluation	a simple buying reflex	un simple réflexe d'achat	simple réflexe d'achat	Par exemple, après quelques clics, on peut recevoir le lendemain des écouteurs, un vêtement ou un repas livré à domicile ; cette facilité donne du confort, mais elle transforme vite le désir en simple réflexe d'achat.	Culture P34	Shows impulsive consumption.
C76	response	Cause, conséquence et évaluation	a real loss of autonomy	une vraie perte d'autonomie	une vraie perte d'autonomie	Cela montre que les nouvelles habitudes de consommation s'accompagnent d'une vraie perte d'autonomie dans nos choix.	Culture P34	Algorithm critique phrase.
C77	response	Étranger et immigration	enrich and help it evolve	enrichir une culture et la faire évoluer	elle l'enrichit et la fait évoluer	Cela montre que l'immigration ne fait pas que coexister avec la culture locale : elle l'enrichit et la fait évoluer.	Culture P35	Faire évoluer = make something change over time.
C78	response	Cause, conséquence et évaluation	regain concentration	retrouver de la concentration	retrouver de la concentration	D'abord, une pause courte permet de retrouver de la concentration et de réduire les erreurs.	Economie P4	Productivity benefit
C79	response	Cause, conséquence et évaluation	reduce errors	réduire les erreurs	réduire les erreurs	D'abord, une pause courte permet de retrouver de la concentration et de réduire les erreurs.	Economie P4	Work-quality benefit
C80	response	Cause, conséquence et évaluation	reduce stress	réduire le stress	réduire le stress	Une courte sieste permet de réduire le stress, de mieux gérer la pression et de limiter les arrêts maladie.	Economie P4	Health benefit
C81	response	Cause, conséquence et évaluation	restores vigilance	restaurer la vigilance	restaure cette vigilance	Une courte sieste restaure cette vigilance et évite des erreurs qui peuvent être graves, voire mortelles.	Economie P4	Accident prevention
C82	shared	Cause, conséquence et évaluation	stifle initiative and creativity	étouffer l'initiative et la créativité	étouffer l'initiative, la créativité	En effet, un excès de contrôle finit toujours par étouffer l'initiative, la créativité, l'innovation et la liberté individuelle, qui sont pourtant essentielles au dynamisme d'un pays.	Culture P3; Economie P5	Control consequence
C83	response	Cause, conséquence et évaluation	response to an economic situation	une réponse à une situation économique	une réponse à une situation économique	Ce n'est pas un choix librement consenti : c'est plutôt une réponse à une situation économique qui ne laisse pas beaucoup d'options.	Economie P14	Cause-not-choice frame
C84	response	Cause, conséquence et évaluation	revive activity thanks to visitors	retrouver une activité grâce aux visiteurs	retrouver une activité grâce aux visiteurs	En effet, certaines zones rurales ou de montagne, qui n'ont pas beaucoup d'industrie, peuvent retrouver une activité grâce aux visiteurs.	Economie P16	Tourism revival frame
C85	response	Travail et économie	attract students afterwards	attirer ensuite des étudiants	attirer ensuite des étudiants	Cela renforce aussi l'image du pays à l'international, ce qui peut attirer ensuite des étudiants, des entreprises ou des investisseurs.	Economie P16	Spillover benefit
C86	response	Travail et économie	always wanting to earn more	vouloir toujours gagner plus	vouloir toujours gagner plus	Enfin, parce que vouloir toujours gagner plus peut au contraire nous empêcher de profiter du présent.	Economie P18	Cause of overwork
C87	response	Travail et économie	the race for money	la course à l'argent	la course à l'argent	Cela montre que la course à l'argent peut justement nous priver de ce qui rend la vie agréable.	Economie P18	Strong causal image
C88	response	Cause, conséquence et évaluation	competition between candidates is strong	la concurrence entre candidats est forte	la concurrence entre candidats est forte	En revanche, un métier très éprouvant, mais que beaucoup de personnes peuvent exercer, reste souvent mal payé parce que la concurrence entre candidats est forte.	Economie P20	Explain low pay
C89	response	Environnement et transports	use the car less in town	utiliser moins la voiture en ville	utiliser moins la voiture en ville	Ensuite, je pense que la gratuité des transports en commun encouragerait à utiliser moins la voiture en ville.	Economie P22	Environmental behavior
C90	response	Travail et économie	makes their budget fragile	rendre leur budget fragile	leur budget fragile	En effet, ces structures dépendent souvent de dons, de subventions ou de bénévoles, ce qui rend leur budget fragile.	Economie P23	Financial weakness
C91	response	Cause, conséquence et évaluation	their ability to act decreases	leur capacité d'action diminue	leur capacité d'action diminue	En cas de baisse des dons ou de réduction des aides publiques, leur capacité d'action diminue immédiatement.	Economie P23	Consequence of funding cuts.
C92	response	Cause, conséquence et évaluation	fall into severe hardship	basculer dans une grande précarité	basculer dans une grande précarité	Par exemple, ce sont les retraites, les allocations familiales ou l'assurance maladie qui empêchent beaucoup de personnes de basculer dans une grande précarité.	Economie P23	Précarité = insecure poverty or hardship.
C93	response	Cause, conséquence et évaluation	collective disengagement	un certain désengagement collectif	un certain désengagement collectif	Au contraire, considérer que ce problème ne concerne que les associations encourage un certain désengagement collectif.	Economie P23	Warning against outsourcing solidarity
C94	response	Cause, conséquence et évaluation	permanent distraction	une distraction permanente	une distraction permanente	D'abord, parce qu'il représente une distraction permanente qui nuit à la concentration.	Education P3	State harmful cause.
C95	response	Cause, conséquence et évaluation	harms concentration	nuire à la concentration	nuit à la concentration	D'abord, parce qu'il représente une distraction permanente qui nuit à la concentration.	Education P3	Consequence for attention.
C96	response	Éducation et apprentissage	lose a regular work rhythm	perdre un rythme de travail régulier	perde la régularité du travail	Sans cela, le risque est que l'enfant prenne du retard, perde la régularité du travail et se sente isolé.	Education P4	Rythme de travail is more idiomatic than régularité.
C97	response	Cause, conséquence et évaluation	increases risk of failure	augmenter le risque d'échec	augmente fortement le risque d'échec	Au contraire, partir sans épargne et sans projet familial clair augmente fortement le risque d'échec dans les premiers mois.	Education P5	Risk consequence.
C98	response	Cause, conséquence et évaluation	react much earlier	réagir bien avant [les autres]	réagir, parfois bien avant	Cela permet à des millions de personnes de comprendre la situation et de réagir, parfois bien avant les médias traditionnels.	Education P6	Bien avant = much earlier than.
C99	response	Travail et économie	more exposed to unemployment	être plus exposé au chômage	plus exposées au chômage	Au contraire, les personnes peu diplômées sont plus exposées au chômage, aux contrats courts et aux salaires faibles.	Education P12	Risk without diploma.
C100	response	Cause, conséquence et évaluation	protective role	un vrai rôle de protection	un vrai rôle de protection	Cela permet de comprendre que les études jouent un vrai rôle de protection face aux difficultés du marché du travail.	Education P12; Environnement P2	Labor-market protection.
C101	response	Cause, conséquence et évaluation	duration of commitment	la durée de l'engagement nécessaire	la durée de l'engagement nécessaire	Cela montre que la difficulté tient surtout à la durée de l'engagement nécessaire.	Education P13	Source of difficulty.
C102	response	Éducation et apprentissage	going back to school brings benefits	reprendre des études apporte des bénéfices	reprendre des études apporte des bénéfices	Enfin, parce que reprendre des études apporte des bénéfices très concrets, à la fois personnels et professionnels.	Education P7	Reprendre des études = return to education.
C103	response	Cause, conséquence et évaluation	brings real comfort	apporter un vrai réconfort	apporte un vrai réconfort	Aider concrètement, par exemple en distribuant des repas, en faisant du soutien scolaire ou en accompagnant des personnes seules, apporte un vrai réconfort.	Education P10	Emotional result.
C104	response	Cause, conséquence et évaluation	be left with stereotypes	rester avec des stéréotypes	reste souvent avec des stéréotypes	En revanche, sans ces lectures, on reste souvent avec des stéréotypes.	Education P14	Result without deeper exposure.
C105	response	Cause, conséquence et évaluation	origin not verified	dont l'origine n'est pas vérifiée	dont l'origine n'est pas vérifiée	En effet, sur un téléphone, on trouve aussi bien des sites de presse sérieux que des blogs, des vidéos ou des publications sur les réseaux sociaux dont l'origine n'est pas vérifiée.	Education P15	Flag unreliable content.
C106	response	Cause, conséquence et évaluation	spread rumors very fast	faire circuler très vite [des rumeurs]	fait circuler très vite des rumeurs	La rapidité des partages fait circuler très vite des rumeurs ou des informations fausses.	Education P15	Use for viral misinformation.
C107	response	Cause, conséquence et évaluation	lock someone into one view	enfermer [qqn] dans une seule manière de voir	enfermer l'utilisateur dans une seule manière	Cela peut enfermer l'utilisateur dans une seule manière de voir les choses, sans contradictions.	Education P15	Enfermer dans = trap within a viewpoint.
C108	response	Cause, conséquence et évaluation	enlighten or distort	autant éclairer que déformer	autant éclairer que déformer	Cela permet de comprendre que le téléphone peut autant éclairer que déformer la vision de l'actualité.	Education P15	Balanced result.
C109	response	Cause, conséquence et évaluation	encourage career progression	encourager la progression professionnelle	encourage la progression professionnelle	À l'inverse, un système de rémunération qui reconnaît l'investissement encourage la progression professionnelle.	Education P16	Positive incentive.
C110	response	Cause, conséquence et évaluation	pay someone what they are worth	payer [quelqu'un] à sa juste valeur	ne les paie pas à leur juste valeur	En effet, certaines compétences sont rares et très recherchées : si l'entreprise ne les paie pas à leur juste valeur, elle ne pourra ni les recruter ni les garder.	Education P16	Payer + personne à sa juste valeur.
C111	response	Cause, conséquence et évaluation	incite people to attack a group	inciter à attaquer un groupe	inciter à attaquer un groupe	En effet, certains discours visent directement à inciter à attaquer un groupe de personnes en raison de leur origine, de leur religion ou de leur orientation.	Education P17	Inciter à + infinitive.
C112	response	Cause, conséquence et évaluation	real consequences for safety	de vraies conséquences sur la sécurité	de vraies conséquences sur la sécurité	Ce type de discours peut entraîner de vraies conséquences sur la sécurité des gens et sur la cohésion de la société.	Education P17	Result of hate speech.
C113	response	Cause, conséquence et évaluation	cause psychological suffering	provoquer une souffrance psychologique	provoquer une vraie souffrance psychologique	Par exemple, le harcèlement en ligne montre bien comment des paroles répétées peuvent provoquer une vraie souffrance psychologique chez les victimes.	Education P17	Consequence phrase.
C114	response	Cause, conséquence et évaluation	feed imagination and open-mindedness	nourrir l'imagination et l'ouverture d'esprit	nourrir l'imagination et l'ouverture d'esprit	Cela permet de comprendre que la télévision peut nourrir l'imagination et l'ouverture d'esprit de l'enfant.	Education P19	Positive effect.
C115	response	Cause, conséquence et évaluation	success depends on social background	dépendre du milieu d'origine	dépendrait surtout du milieu d'origine	Cela créerait une société très bloquée, où la réussite professionnelle dépendrait surtout du milieu d'origine.	Education P20	Inequality result.
C116	response	Éducation et apprentissage	open access to studies	ouvrir l'accès à des études	ouvrent souvent l'accès à des études	D'abord, parce qu'elles ouvrent souvent l'accès à des études et à des métiers plus stables.	Education P21	School-results benefit.
C117	response	Cause, conséquence et évaluation	close doors from the start	fermer des portes dès le départ	fermer certaines portes dès le départ	En revanche, des notes très faibles peuvent fermer certaines portes dès le départ, ce qui rend le parcours professionnel plus difficile.	Education P21	Negative consequence.
C118	response	Cause, conséquence et évaluation	open access to knowledge	ouvrir l'accès à la connaissance	ouvert l'accès à la connaissance	Cela montre qu'Internet a vraiment ouvert l'accès à la connaissance pour le plus grand nombre.	Education P22	Democratization effect.
C119	response	Cause, conséquence et évaluation	give up or lose focus	abandonner ou se disperser	abandonner ou de se disperser	En effet, sans cours fixes, sans enseignant pour vérifier et sans groupe d'élèves pour avancer, il est très facile d'abandonner ou de se disperser.	Education P22	Se disperser = lose focus or scatter efforts.
C120	response	Cause, conséquence et évaluation	awaken curiosity	éveiller la curiosité	éveillent la curiosité	Ensuite, parce qu'elles éveillent la curiosité et l'envie d'apprendre.	Education P23	Motivation effect.
C121	response	Cause, conséquence et évaluation	more impact than an image	avoir plus d'impact qu'une image	plus d'impact qu'une simple image	En effet, voir un squelette de dinosaure, un fossile ou une reconstitution dans un musée, observer des animaux dans un zoo ou regarder de vraies œuvres d'art a beaucoup plus d'impact qu'une simple image dans un manuel.	Education P23	Compare with textbooks.
C122	response	Cause, conséquence et évaluation	make learning more vivid	rendre les apprentissages plus vivants	rend les apprentissages plus vivants	Cela rend les apprentissages plus vivants et beaucoup plus faciles à retenir.	Education P23	Consequence phrase.
C123	response	Cause, conséquence et évaluation	for lack of a better solution	faute de meilleure solution	faute de meilleure solution	Fermer tous les zoos obligerait à les placer en urgence dans des sanctuaires déjà saturés, faute de meilleure solution.	Environnement P4	Explains constrained choice.
C124	response	Cause, conséquence et évaluation	improve their living conditions	améliorer leurs conditions de vie	améliorant leurs conditions de vie	En revanche, réformer les zoos existants permet de continuer à s'occuper de ces animaux tout en améliorant leurs conditions de vie.	Environnement P4	Welfare-improvement result.
C125	response	Cause, conséquence et évaluation	remove the worst practices	supprimer les pires pratiques	supprimant les pires pratiques	Cette solution garde les bénéfices des zoos sérieux tout en supprimant les pires pratiques.	Environnement P4	Result of reform.
C126	response	Cause, conséquence et évaluation	for the slightest trip	pour le moindre déplacement	pour le moindre déplacement	Prenons l'exemple d'une famille sans voiture dans un petit village : elle peut se retrouver dépendante de ses proches pour le moindre déplacement.	Environnement P5; Technologie P20	Dependence example.
C128	response	Cause, conséquence et évaluation	a very real cost	un coût bien réel	un coût bien réel	Cela montre qu'une circulation excessive a un coût bien réel pour les habitants des villes.	Environnement P6	For negative impacts.
C129	response	Environnement et transports	faster public transport	des transports en commun plus rapides	des transports en commun plus rapides	Par exemple, dans les quartiers où des couloirs de bus et des pistes cyclables protégées ont été aménagés, on observe à la fois moins d'accidents et des transports en commun plus rapides et plus fiables.	Environnement P6	Result of car limits.
C130	response	Environnement et transports	democratize this type of food	démocratiser ce type d'alimentation	démocratiser ce type d'alimentation	Cela montre que mettre du bio en supermarché contribue à démocratiser ce type d'alimentation.	Environnement P7	Result of supermarket access.
C131	response	Cause, conséquence et évaluation	a powerful knock-on effect	un effet d'entraînement important	effet d'entraînement très important	Le supermarché, par son volume de ventes, a un effet d'entraînement très important sur les choix agricoles.	Environnement P7	For market influence.
C132	response	Cause, conséquence et évaluation	revive local shops	relancer les commerces de proximité	relancer certains commerces de proximité	Ces mesures ont permis de réduire la pollution, de redonner de la place aux piétons et de relancer certains commerces de proximité.	Environnement P8	Economic co-benefit.
C134	response	Cause, conséquence et évaluation	degradation of natural sites	la dégradation des sites naturels	une dégradation des sites naturels	En effet, quand un territoire accueille beaucoup plus de visiteurs qu'il ne peut en supporter, on observe rapidement une augmentation des déchets, une dégradation des sites naturels et une pression accrue sur l'eau et l'énergie.	Environnement P9	Environmental harm phrase.
C135	response	Cause, conséquence et évaluation	increased pressure on water	une pression accrue sur l'eau	une pression accrue sur l'eau	En effet, quand un territoire accueille beaucoup plus de visiteurs qu'il ne peut en supporter, on observe rapidement une augmentation des déchets, une dégradation des sites naturels et une pression accrue sur l'eau et l'énergie.	Environnement P9	Resource pressure phrase.
C136	response	Cause, conséquence et évaluation	struggle to find housing	peiner à se loger	peinent alors à se loger	Les habitants ordinaires peinent alors à se loger dans leur propre quartier et finissent parfois par partir.	Environnement P9	Social consequence phrase.
C137	response	Environnement et transports	reduce energy consumption	réduire la consommation d'énergie	réduire la consommation d'énergie	Par exemple, les aides à la rénovation thermique des logements permettent à la fois de réduire la consommation d'énergie et les émissions liées au chauffage, ce qui touche directement une des grandes sources de pollution.	Environnement P11	Policy outcome phrase.
C138	response	Cause, conséquence et évaluation	pose health risks	faire courir des risques sanitaires	fait courir des risques sanitaires	Au contraire, une agriculture entièrement basée sur la chimie fait courir des risques sanitaires à ceux qui produisent comme à ceux qui consomment.	Environnement P13	Faire courir un risque à qqn = expose them to it.
C139	response	Cause, conséquence et évaluation	a direct health benefit	un bénéfice sanitaire direct	un bénéfice sanitaire direct	Cela montre que le bio a d'abord un bénéfice sanitaire direct, pour le producteur comme pour le consommateur.	Environnement P13	Positive result phrase.
C140	response	Environnement et transports	make environmental innovation profitable	rendre l'innovation environnementale rentable	rendre l'innovation environnementale rentable	Des règles, des taxes ou des aides peuvent au contraire encourager les pratiques plus propres et rendre l'innovation environnementale rentable.	Environnement P14	Policy incentive result.
C141	response	Cause, conséquence et évaluation	tend to dramatize	avoir tendance à dramatiser	tendance à dramatiser certaines situations	À l'inverse, quand on est plus jeune, on a tendance à dramatiser certaines situations qui paraîtront plus simples avec le recul du temps.	Famille P3	Use for youth reactions.
C142	response	Cause, conséquence et évaluation	give every detail bluntly	donner brutalement tous les détails	donner brutalement tous les détails	À l'inverse, donner brutalement tous les détails à un enfant trop jeune risque de l'angoisser inutilement.	Famille P4	Brutalement = too bluntly/harshly.
C143	response	Cause, conséquence et évaluation	real emotional cost	un vrai coût affectif	un vrai coût affectif	Cela montre que la distance n'a pas seulement un coût pratique, mais aussi un vrai coût affectif.	Famille P5	Consequence phrase.
C144	response	Éducation et apprentissage	turn school into a financial exchange	transformer l'école en simple échange financier	transformer l'école en simple échange financier	Ensuite, parce que cela risque de transformer l'école en simple échange financier.	Famille P6	Transformer A en B.
C145	response	Cause, conséquence et évaluation	problematic educational message	un message éducatif problématique	un message éducatif assez problématique	Cela permet de comprendre que l'argent peut envoyer un message éducatif assez problématique.	Famille P6	Consequence phrase.
C146	response	Travail et économie	weigh on the work atmosphere	peser sur l'ambiance au travail	peser sur l'ambiance au travail	Au contraire, un problème personnel à la maison peut peser sur l'ambiance au travail.	Famille P7	Spillover phrase.
C147	response	Cause, conséquence et évaluation	vulnerable to loneliness	fragile face à la solitude	fragile face à la solitude	En effet, à certains moments — perte d'emploi, séparation, déménagement, vieillissement, maladie — on devient particulièrement fragile face à la solitude.	Famille P9	Face à = in the face of.
C148	response	Cause, conséquence et évaluation	isolation taking hold	empêcher l'isolement de s'installer durablement	l'isolement de s'installer durablement	Ils maintiennent un lien social qui empêche l'isolement de s'installer durablement.	Famille P9	Empêcher + nom + de + infinitif.
C149	response	Famille et relations	total substitute for friendship	un substitut total à l'amitié	un substitut total à l'amitié	À l'opposé, considérer la famille comme un substitut total à l'amitié peut conduire à une vie sociale appauvrie et à des relations familiales surchargées de demandes.	Famille P10	Warning phrase.
C150	response	Cause, conséquence et évaluation	never truly alone with a problem	jamais vraiment seul face à un problème	jamais vraiment seul face à un problème	En effet, dans une famille, on n'est jamais vraiment seul face à un problème.	Famille P11	Emotional security.
C151	response	Cause, conséquence et évaluation	source of tension	une source de tensions	source de tensions	À l'opposé, sans organisation, la vie en famille devient vite source de tensions et donne l'impression que vivre seul serait plus reposant.	Famille P11	Result phrase.
C152	response	Cause, conséquence et évaluation	surface obedience	une obéissance de façade	une obéissance de façade	En effet, un parent qui crie tout le temps, qui punit pour la moindre erreur ou qui ne laisse jamais l'enfant s'exprimer obtient souvent une obéissance de façade.	Famille P12	Bad outcome.
C153	response	Cause, conséquence et évaluation	feel sidelined	se sentir mis de côté	se sentir mis de côté	À l'opposé, un enfant qui ne maîtrise pas bien cette langue peut très vite être en difficulté à l'école et se sentir mis de côté.	Famille P13	Exclusion result.
C154	response	Cause, conséquence et évaluation	fatigue, stress and resentment	fatigue, stress et ressentiment	fatigue, stress et parfois ressentiment	En effet, quand une seule personne fait tout, elle accumule fatigue, stress et parfois ressentiment, alors que les autres profitent du résultat sans rien donner en échange.	Famille P14	Result of imbalance.
C155	response	Cause, conséquence et évaluation	obstacle to autonomy	un frein à l'autonomie	un frein à l'autonomie	À mon avis, oui, cela peut être pratique dans certaines situations, à condition de ne pas en faire un frein à l'autonomie.	Famille P16	Condition to avoid.
C156	response	Travail et économie	modest first salaries	des premiers salaires modestes	premiers salaires restent souvent modestes	En effet, dans beaucoup de villes, le coût du logement est devenu très élevé, alors que les premiers salaires restent souvent modestes et que les contrats sont parfois précaires.	Famille P16	Economic pressure.
C157	response	Cause, conséquence et évaluation	sometimes precarious contracts	des contrats parfois précaires	les contrats sont parfois précaires	En effet, dans beaucoup de villes, le coût du logement est devenu très élevé, alors que les premiers salaires restent souvent modestes et que les contrats sont parfois précaires.	Famille P16	Employment insecurity.
C158	response	Cause, conséquence et évaluation	concrete constraints	des contraintes très concrètes	des contraintes très concrètes	Cela montre que cette cohabitation prolongée répond souvent à des contraintes très concrètes, et pas seulement à un manque d'envie de partir.	Famille P16	Explain necessity.
C159	response	Cause, conséquence et évaluation	weigh on concentration	peser sur la concentration	peser sur la concentration	Ensuite, parce que la fatigue et le stress finissent souvent par peser sur la concentration et la vie personnelle.	Santé P3	Shows fatigue impact.
C160	response	Cause, conséquence et évaluation	lower motivation	faire baisser la motivation	faire baisser la motivation	Cela peut faire baisser la motivation, la concentration et même les résultats scolaires.	Santé P3	Use for burnout effects.
C161	response	Cause, conséquence et évaluation	a certain level of dignity	un certain niveau de dignité	un certain niveau de dignité	En revanche, des services publics solides garantissent à tous, quelle que soit leur situation, un certain niveau de dignité.	Santé P4	Shows result of protection.
C162	response	Cause, conséquence et évaluation	price higher than conventional products	plus élevé que celui des produits classiques	plus élevé que celui des produits classiques	D'abord, parce que leur prix est généralement plus élevé que celui des produits classiques.	Santé P7	Celui replaces le prix in comparisons.
C163	response	Cause, conséquence et évaluation	demanding production methods	des modes de production plus exigeants	des modes de production plus exigeants	Cette différence de prix s'explique par des modes de production plus exigeants, mais elle pèse beaucoup sur le budget alimentaire des familles.	Santé P7	Explain higher prices.
C164	response	Cause, conséquence et évaluation	create unequal access	créer une inégalité d'accès	une inégalité d'accès	Cela montre que la différence de prix crée déjà, mécaniquement, une inégalité d'accès.	Santé P7	Link price/location to inequity.
C165	response	Cause, conséquence et évaluation	cause lasting rejection	provoquer un rejet durable	provoquer un rejet durable	Ensuite, parce que l'obligation pure peut provoquer un rejet durable si l'enfant se sent forcé.	Santé P8	Risk of forcing children.
C166	response	Cause, conséquence et évaluation	reveals strong social pressure	être révélateur d'une forte pression sociale	révélateur d'une forte pression sociale	À mon avis, le recours croissant à la chirurgie esthétique pour rester jeune est révélateur d'une forte pression sociale autour de l'apparence.	Santé P9	Interpret a social trend.
C167	response	Cause, conséquence et évaluation	feed endless dissatisfaction	alimenter une insatisfaction sans fin	alimenter une insatisfaction sans fin	Cela montre que la chirurgie esthétique, présentée comme la solution miracle, peut au contraire alimenter une insatisfaction sans fin.	Santé P9	Critical consequence.
C168	response	Santé	serious effects on public health	des effets graves sur la santé publique	des effets graves sur la santé publique	Je pense d'abord que le tabac et l'alcool ont des effets graves sur la santé publique et justifient pleinement des règles très strictes.	Santé P10	Justify regulation.
C169	response	Cause, conséquence et évaluation	weigh heavily on resources	peser beaucoup sur les ressources	pèse beaucoup sur les ressources	D'autres le font pour des raisons écologiques, parce que la production de viande pèse beaucoup sur les ressources et l'environnement.	Santé P13	Peser sur = put pressure on.
C170	response	Cause, conséquence et évaluation	learn to balance meals	apprendre à équilibrer ses repas	appris à équilibrer leurs repas	Par exemple, beaucoup de personnes végétariennes en bonne santé suivent ce régime depuis des années sans le moindre problème, parce qu'elles ont appris à équilibrer leurs repas.	Santé P13	Use for habit formation.
C171	response	Cause, conséquence et évaluation	become dependent on relatives	se retrouver dépendant de ses proches	se retrouver dépendante de ses proches	Par exemple, une personne âgée qui vit dans un petit village isolé, sans transport en commun et loin de tout, peut très vite se retrouver dépendante de ses proches pour la moindre course.	Santé P14; Environnement P5	Adapt gender as needed.
C172	response	Cause, conséquence et évaluation	villages are emptying out	les villages se vident	villages se vident	En effet, beaucoup de villages se vident, les commerces ferment, les services publics reculent et les jeunes partent vers les villes.	Santé P14	Rural decline phrase.
C173	response	Cause, conséquence et évaluation	weigh heavily on morale	peser fortement sur le moral	peser fortement sur le moral	Cela permet de comprendre que la campagne, sans entourage, peut peser fortement sur le moral.	Santé P14	Consequence for wellbeing.
C174	response	Cause, conséquence et évaluation	already physically worn out	déjà très usé physiquement	déjà très usées physiquement	Par exemple, dans certains métiers, beaucoup de personnes arrivent déjà très usées physiquement bien avant 60 ans, avec des problèmes de dos, d'articulations ou d'épuisement.	Santé P15	Adapt agreement.
C175	response	Cause, conséquence et évaluation	adjust the end of one's career	aménager la fin de sa carrière	aménager la fin de sa carrière	Cela permettrait à chacun d'aménager la fin de sa carrière de manière plus humaine.	Santé P15	Human transition phrase.
C176	response	Cause, conséquence et évaluation	modern lifestyle	le mode de vie moderne	mode de vie moderne	À mon avis, cette alimentation a de vraies qualités, mais elle souffre aussi de plusieurs dérives liées au mode de vie moderne.	Santé P16	Cause of change.
C177	response	Cause, conséquence et évaluation	too much sugar and salt	trop de sucre et trop de sel	trop de sucre, trop de sel	Ces produits contiennent souvent trop de sucre, trop de sel et trop d'additifs.	Santé P16	Health-risk phrase.
C178	response	Cause, conséquence et évaluation	current pace weighs on diet quality	le rythme de vie actuel pèse sur […]	rythme de vie actuel pèse fortement	Cela permet de comprendre que le rythme de vie actuel pèse fortement sur la qualité de l'alimentation.	Santé P16	Peser sur = have a negative impact on.
C179	response	Cause, conséquence et évaluation	encourages sedentary habits	favoriser la sédentarité	favorise la sédentarité	D'abord, parce qu'un usage excessif favorise la sédentarité et limite d'autres activités essentielles.	Santé P19	Health consequence.
C180	response	Cause, conséquence et évaluation	take a toll on fitness	peser sur sa forme physique	peser sur sa forme physique	Cette sédentarité peut peser sur sa forme physique, son sommeil, sa concentration et même son humeur.	Santé P19	Peser sur = negatively affect.
C181	response	Cause, conséquence et évaluation	content beyond a child's maturity	des contenus qui le dépassent	des contenus qui le dépassent	Sans encadrement, l'enfant peut tomber sur des contenus qui le dépassent largement.	Santé P19	Adapt pronoun.
C182	response	Cause, conséquence et évaluation	designed to make you keep playing	conçu pour donner envie de continuer	conçus pour donner envie de continuer	En effet, beaucoup de jeux récents sont conçus pour donner envie de continuer le plus longtemps possible, ce qui rend la fin de partie difficile à accepter pour un enfant.	Santé P19	Discuss addictive design.
C183	response	Cause, conséquence et évaluation	homework gets pushed back	les devoirs sont repoussés	les devoirs sont repoussés	Sans cadre clair sur les horaires, les devoirs sont repoussés, la fatigue s'accumule, et le moment d'éteindre la console devient un sujet de conflit régulier dans le foyer.	Santé P19	Concrete consequence.
C184	response	Cause, conséquence et évaluation	a constant struggle	une lutte constante	une lutte constante	Sans un revenu minimum, la vie quotidienne devient une lutte constante, et le stress lié à l'argent finit par toucher tous les domaines, y compris la santé.	Santé P20	Describe poverty.
C185	response	Travail et économie	stress linked to money	le stress lié à l'argent	le stress lié à l'argent	Sans un revenu minimum, la vie quotidienne devient une lutte constante, et le stress lié à l'argent finit par toucher tous les domaines, y compris la santé.	Santé P20	Consequence phrase.
C186	response	Cause, conséquence et évaluation	less material worry	moins d'inquiétude matérielle	moins d'inquiétude matérielle	D'abord, parce que l'argent aide à vivre avec moins d'inquiétude matérielle, mais qu'il ne règle pas tout.	Santé P22	Security effect.
C187	response	Cause, conséquence et évaluation	stress, exhaustion, or lack of meaning	du stress, de l'épuisement ou un manque de sens	du stress, de l'épuisement ou un manque de sens	Enfin, je pense qu'on peut très bien avoir un bon salaire et rester malheureux si le travail crée du stress, de l'épuisement ou un manque de sens.	Santé P22	Bad-work consequences.
C188	response	Cause, conséquence et évaluation	put in danger	mettre en danger	mise en danger	Sans eux, la vie de ces personnes serait beaucoup plus difficile, voire mise en danger.	Santé P23	Risk phrase.
C189	response	Santé	overconsume medication	surconsommer des médicaments	surconsommer des médicaments	Enfin, parce que notre société a aussi tendance à surconsommer des médicaments, ce qui fausse l'idée qu'on ne pourrait pas s'en passer.	Santé P23	Critical society point.
C190	response	Cause, conséquence et évaluation	come mainly from excess	venir surtout de l'excès	problème vient surtout de l'excès	Ensuite, parce que le problème vient surtout de l'excès et du déséquilibre, et non d'Internet en lui-même.	Technologie P4; Environnement P9	Name the real cause
C191	response	Cause, conséquence et évaluation	excess and imbalance	l'excès et le déséquilibre	l'excès et du déséquilibre	Ensuite, parce que le problème vient surtout de l'excès et du déséquilibre, et non d'Internet en lui-même.	Technologie P4	Pair for moderation arguments
C192	response	Cause, conséquence et évaluation	shrink little by little	se réduire peu à peu	se réduisent peu à peu	En effet, lorsque les conversations en face à face sont remplacées par des messages, les sorties par les vidéos en ligne et les amis par des contacts virtuels, les liens humains réels se réduisent peu à peu.	Technologie P4	Describe weakening ties
C193	response	Cause, conséquence et évaluation	a flow of negative images	un flux d'images négatives	ce flux d'images négatives	Pour certaines personnes, en particulier les plus sensibles, ce flux d'images négatives crée du stress, de l'anxiété ou un sentiment d'impuissance.	Technologie P5	Cause of anxiety
C194	shared	Cause, conséquence et évaluation	make the phone nearly indispensable	rendre [qch] presque indispensable	rendent le téléphone presque indispensable	D'abord, parce que beaucoup d'aspects de la vie quotidienne rendent le téléphone presque indispensable aujourd'hui.	Technologie P11	Explain necessity
C195	response	Cause, conséquence et évaluation	complicate one's life	se compliquer la vie	se compliquer la vie	Au contraire, vivre sans téléphone aujourd'hui revient à se compliquer la vie sur de nombreux aspects pratiques.	Technologie P11	Practical consequence
C196	response	Cause, conséquence et évaluation	rapidity of exchanges	la rapidité des échanges	la rapidité des échanges	Cela montre que le téléphone portable a vraiment changé la rapidité des échanges.	Technologie P13	Result of mobile phones
C197	response	Cause, conséquence et évaluation	then becomes a way to regain […]	devient alors une manière de retrouver […]	devient alors une manière de retrouver	Réduire ou couper la technologie devient alors une manière de retrouver du calme.	Technologie P15	Use for motives and benefits.
C198	response	Cause, conséquence et évaluation	cause distraction	créer de la distraction	créer de la distraction	Ensuite, parce qu'un accès trop libre peut créer de la distraction, de la dépendance et une exposition à des contenus inadaptés.	Technologie P16	Créer de la + noun for an effect.
C199	response	Cause, conséquence et évaluation	less able to manage [...]	moins capable de gérer […]	moins il est capable de gérer	Plus l'enfant est jeune, moins il est capable de gérer les contenus, le temps d'écran et les sollicitations permanentes.	Technologie P16	Explains child limits.
C200	response	Cause, conséquence et évaluation	sharply reduce these risks	réduire fortement ces risques	réduisent fortement ces risques	Au contraire, des règles claires et un certain contrôle parental réduisent fortement ces risques.	Technologie P16	Result of supervision.
C201	response	Cause, conséquence et évaluation	mobilize huge sums	mobiliser des sommes énormes	mobilisent des sommes énormes	Tout d'abord, les voyages dans l'espace mobilisent des sommes énormes alors que beaucoup de besoins urgents ne sont pas couverts.	Technologie P17	Use for budget burdens.
C202	response	Cause, conséquence et évaluation	would have an immediate effect	aurait un effet immédiat	aurait un effet immédiat	À l'inverse, une partie seulement de ces sommes investie dans la santé ou l'éducation aurait un effet immédiat sur la vie quotidienne de millions de personnes.	Technologie P17	Redirected-spending result.
C203	response	Cause, conséquence et évaluation	a real gain in comfort	un vrai gain de confort	un vrai gain de confort	Cela montre que les achats en ligne ont apporté un vrai gain de confort.	Technologie P18	Result of convenience.
C204	response	Cause, conséquence et évaluation	often leads to disappointments	entraîne souvent des déceptions	entraîne souvent des déceptions	Au contraire, acheter ces produits en ligne entraîne souvent des déceptions et de nombreux retours ; il est donc important que les vendeurs fournissent des informations aussi précises que possible.	Technologie P18	Negative consequence.
C205	response	Technologie et médias	can weaken downtown shops	peut affaiblir les commerces de centre-ville	peut affaiblir les commerces de centre-ville	À l'opposé, tout commander en ligne peut affaiblir les commerces de centre-ville et appauvrir la vie sociale de certaines villes.	Technologie P18	Wider impact.
C206	response	Cause, conséquence et évaluation	depends greatly on chosen content	dépend beaucoup du contenu choisi	dépend beaucoup du contenu choisi	Ensuite, parce que leur effet dépend beaucoup du contenu choisi, de la durée d'utilisation et des règles posées par les adultes.	Technologie P19	Key condition.
C207	response	Cause, conséquence et évaluation	make it possible to do without one	permettre de s'en passer	permettent de s'en passer	D'abord, parce que c'est réaliste en ville, où les transports publics et les trajets courts permettent de s'en passer.	Technologie P20	S'en passer = do without it.
C208	response	Environnement et transports	reduces pollution and noise	réduit la pollution et le bruit	réduit la pollution, le bruit	De plus, cela réduit la pollution, le bruit et la consommation d'énergie, ce qui est positif pour la collectivité.	Technologie P20	Collective result.
C209	response	Cause, conséquence et évaluation	depends strongly on where one lives	dépend fortement de l'endroit où l'on vit	dépend fortement de l'endroit où l'on vit	Cela montre que la possibilité de vivre sans voiture dépend fortement de l'endroit où l'on vit.	Technologie P20	Location criterion.
C210	response	Cause, conséquence et évaluation	get a fuller picture	avoir une vue plus complète	avoir une vue plus complète	Par exemple, lors d'un événement politique important, comparer plusieurs sites d'information permet d'avoir une vue plus complète des différents points de vue.	Technologie P21	Vue = view or perspective here.
C211	response	Cause, conséquence et évaluation	speed up communication	accélérer la communication	a accéléré la communication	D'abord, parce qu'il a accéléré la communication et l'accès à l'information.	Technologie P22	Accélérer + direct object.
C213	response	Cause, conséquence et évaluation	understand a topic in depth	comprendre un sujet en profondeur	comprendre un sujet en profondeur	Cette progression est très utile pour comprendre un sujet en profondeur.	Technologie P24	Learning result.
ENV17	response	Environnement et transports	the importance of biodiversity	l'importance de la biodiversité	l'importance de la biodiversité	En effet, ils permettent aux familles, et surtout aux enfants, de découvrir des animaux qu'ils ne verraient jamais autrement, et de comprendre l'importance de la biodiversité.	Environnement P4	Education topic phrase.
ENV18	response	Environnement et transports	endangered species	les espèces en voie de disparition	espèces en voie de disparition	Beaucoup soutiennent aussi des programmes de recherche et de protection des espèces en voie de disparition.	Environnement P4	Conservation vocabulary.
ENV19	response	Environnement et transports	other means of transport	d'autres moyens de transport	d'autres moyens de transport	Ensuite, parce qu'en ville, elle peut largement être remplacée par d'autres moyens de transport.	Environnement P5	Alternatives vocabulary.
ENV20	response	Environnement et transports	home delivery	la livraison à domicile	la livraison à domicile	En effet, l'autopartage, le covoiturage, la livraison à domicile et le développement du télétravail permettent aujourd'hui de remplacer beaucoup de trajets que l'on faisait autrefois en voiture personnelle.	Environnement P5	Mobility-reduction service.
ENV21	response	Environnement et transports	sources of air pollution	les sources de pollution de l'air	les sources de pollution de l'air	En effet, dans les centres urbains, les voitures sont l'une des principales sources de pollution de l'air et de bruit.	Environnement P6	Environmental cause phrase.
ENV22	response	Environnement et transports	organic products in supermarkets	des produits bio en supermarché	produits bio en supermarché	La vraie question est de savoir si la présence croissante de produits bio en supermarché est une bonne évolution.	Environnement P7	Bio retail topic.
ENV23	response	Environnement et transports	environmentally friendlier agriculture	une agriculture plus respectueuse de l'environnement	une agriculture plus respectueuse de l'environnement	Ensuite, parce que cela encourage une agriculture plus respectueuse de l'environnement.	Environnement P7	Core bio argument.
ENV24	response	Environnement et transports	pollution and noise	la pollution et le bruit	la pollution et le bruit	D'abord, parce que les centres-villes sont les zones les plus concernées par la pollution et le bruit.	Environnement P8	Urban nuisance pair.
ENV25	response	Environnement et transports	car-free days	des journées sans voiture	des journées sans voiture	En effet, beaucoup de villes ont mis en place des zones piétonnes, des journées sans voiture ou des zones à faibles émissions où la circulation est très limitée.	Environnement P8	Car-restriction policy tool.
ENV26	response	Environnement et transports	people with reduced mobility	les personnes à mobilité réduite	personnes à mobilité réduite	Cependant, même dans les zones interdites aux voitures, il faut prévoir des exceptions raisonnables : livraisons, services d'urgence, personnes à mobilité réduite ou habitants.	Environnement P8	Exception category.
ENV27	response	Environnement et transports	main sources of pollution	les principales sources de pollution	les principales sources de pollution	D'abord, parce qu'elles ciblent souvent les principales sources de pollution, comme les transports, le chauffage et certaines activités industrielles.	Environnement P11; Environnement P6	Pollution-policy target.
ENV28	response	Environnement et transports	the most polluting vehicles	les véhicules les plus polluants	les véhicules les plus polluants	En effet, mon pays a mis en place des règles concernant les véhicules les plus polluants, les bâtiments mal isolés, les chaudières anciennes et certaines activités industrielles.	Environnement P11	Anti-pollution target.
ENV29	response	Environnement et transports	sharply limit pesticides	limiter fortement les pesticides	limitant fortement les pesticides	En effet, en limitant fortement les pesticides de synthèse et les engrais chimiques, ce mode de production réduit la présence de résidus dans les aliments que nous mangeons chaque jour.	Environnement P13	Farming input vocabulary.
ENV30	response	Environnement et transports	residues in food	des résidus dans les aliments	résidus dans les aliments	En effet, en limitant fortement les pesticides de synthèse et les engrais chimiques, ce mode de production réduit la présence de résidus dans les aliments que nous mangeons chaque jour.	Environnement P13	Health-risk phrase.
ENV31	response	Environnement et transports	cleaner production methods	des modes de production plus propres	des modes de production plus propres	Ensuite, parce que les politiques publiques peuvent orienter l'activité vers des modes de production plus propres.	Environnement P14	Green-economy phrase.
F17	response	Famille et relations	tell children the truth	dire la vérité aux enfants	dire la vérité aux enfants	La vraie question est de savoir s'il faut toujours dire la vérité aux enfants, dans toutes les situations.	Famille P4	Core position.
F18	response	Famille et relations	with the same words	avec les mêmes mots	avec les mêmes mots	Par exemple, pour parler du décès d'un proche, on ne s'adresse pas à un enfant de six ans avec les mêmes mots qu'à un adolescent : on garde la vérité, mais on choisit la forme.	Famille P4	Compare age groups.
F19	response	Famille et relations	spontaneous helping hand	un coup de main spontané	un coup de main spontané	En effet, ne plus voir ses proches au quotidien et ne plus partager les petits moments de la vie ordinaire — un repas, une discussion du soir, un coup de main spontané — finit par créer un vrai manque.	Famille P5	Everyday support.
F20	response	Étranger et immigration	manage administrative problems	gérer ses problèmes administratifs	gérer ses problèmes administratifs	Par exemple, une personne qui a déménagé à l'étranger seule apprend très vite à gérer ses problèmes administratifs, mais elle reste souvent en contact très fréquent avec sa famille par téléphone ou par messages.	Famille P5	Practical example.
F21	response	Famille et relations	good educational method	une bonne méthode éducative	une bonne méthode éducative	La vraie question est de savoir si donner de l'argent à un enfant pour ses bonnes notes est une bonne méthode éducative.	Famille P6	Education debate.
F22	response	Famille et relations	small family business	une petite entreprise familiale	une petite entreprise familiale	Dans une petite entreprise familiale, ce type de relation permet aussi de prendre des décisions plus rapidement et de se soutenir dans les moments difficiles.	Famille P7	Business context.
F23	response	Famille et relations	collaboration between siblings	la collaboration entre frères et sœurs	la collaboration entre frères et sœurs	Par exemple, beaucoup de petits commerces, de restaurants ou d'exploitations agricoles fonctionnent depuis longtemps grâce à la collaboration entre frères et sœurs ou entre parents et enfants.	Famille P7	Family business example.
F24	response	Famille et relations	lead a balanced life	mener une vie équilibrée	mener une vie équilibrée	La vraie question est de savoir si avoir des amis est vraiment nécessaire pour mener une vie équilibrée.	Famille P9	Friendship topic.
F25	response	Famille et relations	professional advice	un conseil professionnel	un conseil professionnel	En effet, un ami peut donner un coup de main pour un déménagement, un conseil professionnel, une recommandation, garder un enfant en cas d'urgence ou simplement écouter quand on doit prendre une décision.	Famille P9	Practical friendship.
F26	response	Famille et relations	babysit in an emergency	garder un enfant en cas d'urgence	garder un enfant en cas d'urgence	En effet, un ami peut donner un coup de main pour un déménagement, un conseil professionnel, une recommandation, garder un enfant en cas d'urgence ou simplement écouter quand on doit prendre une décision.	Famille P9	Help example.
F27	response	Famille et relations	new interests	de nouveaux centres d'intérêt	de nouveaux centres d'intérêt	Ensuite, parce qu'ils ouvrent à de nouveaux centres d'intérêt, à de nouvelles opportunités et à de nouvelles façons de voir le monde.	Famille P9	Enrichment phrase.
F28	response	Famille et relations	freer speech	une parole plus libre	une parole plus libre	Les amis, eux, apportent une parole plus libre, des affinités choisies et un regard différent sur la vie.	Famille P10	Friend contribution.
F29	response	Famille et relations	freedom and calm	la liberté et le calme	la liberté et le calme	D'abord, parce que vivre seul est plus simple sur certains aspects, comme la liberté et le calme.	Famille P11	Solo-living benefits.
F30	response	Famille et relations	less noise	moins de bruit	moins de bruit	Il y a aussi moins de bruit, moins de petites disputes et plus de calme au quotidien.	Famille P11	Daily calm.
F31	response	Famille et relations	share responsibilities	un partage possible des responsabilités	un partage possible des responsabilités	Ensuite, je pense que la vie en famille apporte aussi du soutien, de la présence et un partage possible des responsabilités.	Famille P11	Family benefit.
F32	response	Famille et relations	emotional security	une sécurité affective	une sécurité affective	Cela permet de comprendre que la vie en famille apporte une sécurité affective qu'on ne trouve pas en vivant seul.	Famille P11	Family advantage.
F33	response	Famille et relations	rules and clear reference points	des règles et des repères clairs	règles et de repères clairs	D'abord, parce que les enfants ont besoin de règles et de repères clairs pour grandir.	Famille P12	Needs of children.
F34	response	Famille et relations	for the slightest mistake	pour la moindre erreur	pour la moindre erreur	En effet, un parent qui crie tout le temps, qui punit pour la moindre erreur ou qui ne laisse jamais l'enfant s'exprimer obtient souvent une obéissance de façade.	Famille P12	Harsh punishment cue.
F35	response	Étranger et immigration	host country's language	la langue du pays d'accueil	la langue du pays d'accueil	À mon avis, il faut surtout préserver la langue maternelle, tout en donnant aussi une vraie place à la langue du pays d'accueil.	Famille P13; Culture P27; Economie P15	Use for integration and language balance.
F36	response	Famille et relations	family culture	la culture familiale	la culture familiale	Je pense d'abord qu'il est important de continuer à parler la langue maternelle aux enfants, parce qu'elle transmet l'identité et la culture familiale.	Famille P13	Heritage phrase.
F37	response	Famille et relations	part of one's history	une partie de son histoire	une partie de son histoire	La parler à la maison permet à l'enfant de garder un lien réel avec cette famille élargie et de comprendre une partie de son histoire.	Famille P13	Identity phrase.
F38	response	Famille et relations	all household members	tous les membres du foyer	tous les membres du foyer	À mon avis, oui, tous les membres du foyer devraient participer, chacun selon ses capacités.	Famille P14	Use for shared duties at home.
F39	response	Famille et relations	after age 25	après 25 ans	après 25 ans	La vraie question est de savoir si vivre avec ses parents après 25 ans peut vraiment être considéré comme une solution pratique.	Famille P16	Age threshold.
F40	response	Famille et relations	practical solution	une solution pratique	une solution pratique	La vraie question est de savoir si vivre avec ses parents après 25 ans peut vraiment être considéré comme une solution pratique.	Famille P16	Topic phrase.
N36	response	Nuancer et comparer	remain at the talking stage	rester au stade du discours	reste au stade du discours	Un problème trop vague ou trop lointain décourage l'action et reste au stade du discours.	Culture P4	Use when ideas never turn into action.
N37	response	Nuancer et comparer	not automatic	cette réussite n'est jamais automatique	cette réussite n'est jamais automatique	À mon avis, oui, il est possible d'atteindre ses objectifs à l'étranger, mais cette réussite n'est jamais automatique : elle dépend de conditions très précises.	Culture P5	Jamais strengthens negation.
N38	response	Nuancer et comparer	quick, partial, sometimes false	rapide, partiel, parfois faux	rapides, partiels, parfois faux	À l'inverse, beaucoup de contenus en ligne sont rapides, partiels, parfois faux, et ils peuvent disparaître ou changer du jour au lendemain.	Culture P6	Adjectives list flaws compactly.
N39	response	Nuancer et comparer	less recognized financially and socially	moins reconnu financièrement et socialement	moins reconnus financièrement et socialement	Même s'ils sont souvent moins reconnus financièrement et socialement, ils demandent une vraie discipline, une vraie formation et reposent sur une vraie organisation professionnelle.	Culture P7	Adverbs specify recognition type.
N40	response	Famille et relations	judge youth too negatively	juger la jeunesse de manière trop négative	la jeunesse de manière trop négative	La vraie question est de savoir si les personnes âgées jugent aujourd'hui la jeunesse de manière trop négative.	Culture P8; Culture P2	De manière + adjective.
N41	response	Nuancer et comparer	grow stronger with proximity	se renforcer avec la proximité	se renforcer avec la proximité	Si le pessimisme était fondé sur la réalité, il devrait au contraire se renforcer avec la proximité, et non l'inverse.	Culture P2; Culture P8	Se renforcer = become stronger.
N42	response	Nuancer et comparer	the trip remains a unique experience	le voyage reste une expérience unique	le voyage reste une expérience unique	Même si le voyage reste une expérience unique, il n'est pas le seul moyen d'accéder à une culture.	Culture P14	Concession
N43	response	Nuancer et comparer	travel keeps real value	Le voyage garde donc une vraie valeur	Le voyage garde donc une vraie valeur	Le voyage garde donc une vraie valeur ; mais comme il n'est pas accessible à tout le monde, l'idéal reste de combiner ces différentes ressources.	Culture P14	Value
N44	response	Nuancer et comparer	are not trivial	ne sont pas anodines	ne sont pas anodines	De plus, ces habitudes ne sont pas anodines : elles montrent la place de la famille, du travail ou du temps libre dans la société.	Culture P15	Use for habits/details with real social meaning.
N45	shared	Nuancer et comparer	not say much about […]	ne pas dire grand-chose de […]	ne dit pas grand-chose	Elle ne dit pas grand-chose, par exemple, de son système politique, de ses valeurs profondes ou de sa langue.	Culture P15	Use to limit what one example can prove.
N46	response	Nuancer et comparer	it is not always positive	n'est pas toujours positive	n'est pas toujours positive	À mon avis, une expérience à l'étranger peut être très enrichissante, mais elle n'est pas toujours positive : tout dépend de la préparation, de l'intégration et des conditions personnelles dans lesquelles elle se vit.	Culture P17	Core contrast
N47	response	Étranger et immigration	feel isolated and alienated	se sentir isolé et étranger à tout	se sentir isolé et étranger à tout	De plus, sans contact avec les habitants, on peut rapidement se sentir isolé et étranger à tout ce qui se passe.	Culture P17	Use for exclusion in a new environment.
N48	response	Nuancer et comparer	digital messages vanish almost at once	disparaissent presque aussitôt	disparaissent presque aussitôt	Enfin, ces courriers laissaient une trace que l'on pouvait garder et relire, alors que les messages numériques disparaissent presque aussitôt.	Culture P18	Digital contrast
N49	response	Nuancer et comparer	are rarely reread	être rarement relu	sont rarement relus	À l'inverse, les messages numériques sont rarement relus, souvent perdus quand on change de téléphone, et n'ont pas la même valeur de souvenir.	Culture P18	Use for digital messages with little lasting value.
N50	response	Nuancer et comparer	not really know […] in depth	ne pas vraiment connaître […] en profondeur	pas vraiment le connaître en profondeur	À mon avis, on peut percevoir certains aspects d'un pays sans parler sa langue, mais on ne peut pas vraiment le connaître en profondeur, parce que la langue donne accès à ce qu'aucune observation extérieure ne peut révéler.	Culture P19	Use to contrast surface contact with real knowledge.
N51	response	Nuancer et comparer	live physically in the country	habiter physiquement dans le pays	on habite physiquement dans le pays	En effet, sans la langue, on habite physiquement dans le pays, mais on ne participe pas vraiment à sa vie sociale : on ne peut pas lire les journaux, suivre les actualités locales, comprendre les conversations dans la rue ni participer aux débats qui agitent la société.	Culture P19; Culture P11; Culture P24	Contrast physical presence with real participation.
N52	response	Nuancer et comparer	an outside view	une vision extérieure	une vision extérieure	Mais ce que l'on connaît ainsi reste une vision extérieure, qui ne remplace pas une compréhension réelle.	Culture P19	Outside view
N53	response	Nuancer et comparer	give only a small part of their richness	ne rendre qu'une petite partie de leur richesse	ne rendent qu'une petite partie de leur richesse	En effet, la littérature, la philosophie ou la pensée historique sont d'abord transmises par des textes, et les versions résumées ne rendent qu'une petite partie de leur richesse.	Culture P20	Use to criticize summaries or simplified versions.
N54	response	Nuancer et comparer	other supports replace it only partly	ne remplacent qu'en partie	ne remplacent qu'en partie	Cela montre que la lecture garde une fonction unique dans l'accès à la culture, que les autres supports ne remplacent qu'en partie.	Culture P20	Partial
N55	response	Nuancer et comparer	from one country to another	d'un pays à l'autre	d'un pays à l'autre	En effet, le marché du travail, le coût de la vie, les conditions de logement et les diplômes reconnus varient beaucoup d'un pays à l'autre.	Culture P26	Mark variation across contexts.
N56	response	Nuancer et comparer	almost without realizing it	presque sans s'en rendre compte	presque sans s'en rendre compte	En effet, en vivant des années dans un autre pays, on adopte presque sans s'en rendre compte la nourriture locale, les horaires, les manières de travailler ou même certaines expressions.	Culture P27	Use for gradual adoption.
N57	response	Nuancer et comparer	fame is never enough	sa notoriété ne suffit jamais	sa notoriété ne suffit jamais	À mon avis, une célébrité peut entrer en politique, mais sa notoriété ne suffit jamais : sa légitimité dépend surtout de sa compétence, de son sérieux et de la manière dont elle se met au service de l'intérêt général.	Culture P33	Concise thesis phrase.
N58	response	Nuancer et comparer	under strict conditions	à certaines conditions strictes	à certaines conditions strictes	À mon avis, une célébrité peut avoir sa place en politique, mais à certaines conditions strictes.	Culture P33	Limit an agreement.
N59	response	Nuancer et comparer	sometimes decide under pressure	trancher, parfois sous la pression	trancher, parfois sous la pression	En effet, un responsable doit trancher, parfois sous la pression, et assumer les conséquences de ses choix pour lui-même et pour les autres.	Economie P3	High-stakes decisions
N60	response	Nuancer et comparer	a matter of personal temperament	une question de tempérament personnel	une question de tempérament personnel	Cela montre que la responsabilité n'est pas seulement une compétence : c'est aussi une question de tempérament personnel.	Economie P3	Nuance ability claims
N61	response	Nuancer et comparer	monitor these choices in detail	surveiller ces choix dans le détail	surveiller ces choix dans le détail	Aucune administration n'a les moyens, ni la légitimité, de surveiller ces choix dans le détail.	Culture P3; Economie P5	Use for impractical close control.
N62	response	Nuancer et comparer	total absence of rules	l'absence totale de règles	l'absence totale de règles	À l'inverse, l'absence totale de règles produit du désordre, des abus et des inégalités.	Culture P3; Economie P5	Opposite extreme
N64	shared	Nuancer et comparer	a personal choice	un choix personnel	un choix personnel	La vraie question est de savoir si la plupart des départs vers l'étranger sont vraiment subis ou s'ils relèvent aussi d'un choix personnel.	Economie P14; Famille P10; Santé P13; Technologie P3	Contrast forced migration
N65	response	Nuancer et comparer	rarely completely free	rarement totalement libre	rarement totalement libre	Enfin, je pense que même quand le départ semble volontaire, il est rarement totalement libre.	Economie P14	Nuance choice claims
N66	response	Nuancer et comparer	chosen departure and forced departure	départ choisi et départ subi	départ choisi et départ subi	Cela montre que la frontière entre départ choisi et départ subi n'est pas aussi nette qu'on le pense.	Economie P14	Contrastive migration frame
N67	response	Nuancer et comparer	exception rather than rule	l'exception plutôt que la règle	l'exception plutôt que la règle	Mais cela reste l'exception plutôt que la règle.	Economie P15	Good limiting phrase
N68	response	Nuancer et comparer	not a real criterion	ne pas être un vrai critère	n'est pas un vrai critère	À mon avis, le sexe du responsable n'est pas un vrai critère ; ce qui compte, c'est la manière dont la personne dirige.	Economie P17	Reject identity criterion
N69	response	Nuancer et comparer	old stereotypes	les anciens stéréotypes	Les anciens stéréotypes	Les anciens stéréotypes qui associaient l'autorité aux hommes et l'écoute aux femmes ne correspondent plus à la réalité du travail.	Economie P17	Use to name outdated gender assumptions.
N70	response	Nuancer et comparer	people's real skills	les vraies compétences des personnes	les vraies compétences des personnes	De plus, ces stéréotypes peuvent même empêcher de voir les vraies compétences des personnes.	Economie P17	Refocus on ability
N71	response	Nuancer et comparer	a personal preference	une préférence personnelle	une préférence personnelle	Cependant, je comprends que certaines personnes aient une préférence personnelle, souvent liée à leur expérience passée.	Economie P17	Concession phrase
N72	response	Nuancer et comparer	sufficient income remains important	un revenu suffisant reste important	un revenu suffisant reste important	À mon avis, non, il n'est pas nécessaire de gagner beaucoup d'argent pour profiter de la vie, même si un revenu suffisant reste important.	Economie P18	Balanced money point
N73	response	Nuancer et comparer	feel lonely or stressed	se sentir seul ou stressé	se sentir seul ou stressé	À l'inverse, on peut très bien avoir beaucoup d'argent et se sentir seul ou stressé.	Economie P18	Negative well-being phrase
N74	response	Travail et économie	bottom of the wage scale	en bas de l'échelle des salaires	en bas de l'échelle des salaires	Pourtant, ces métiers se trouvent souvent en bas de l'échelle des salaires.	Economie P20	Pay inequality image
N75	response	Nuancer et comparer	a logic of justice	une logique de justice	une logique de justice	Le salaire reflète donc plus une logique économique qu'une logique de justice.	Economie P20	Fairness contrast
N76	response	Environnement et transports	a city saturated with cars	une ville saturée de voitures	une ville saturée de voitures	Au contraire, une ville saturée de voitures connaît plus de pollution, plus de bruit et plus de difficultés de circulation.	Economie P22	Pollution contrast
N77	response	Nuancer et comparer	a high-quality service	un service de qualité	un service de qualité	Mais elle n'a vraiment de sens que si elle s'appuie sur un service de qualité et un financement clair.	Economie P22	Use for conditions that make a policy workable.
N78	response	Nuancer et comparer	a simple one-off form of help	une simple aide ponctuelle	une simple aide ponctuelle	Par exemple, une entreprise qui embauche des personnes éloignées de l'emploi joue souvent un rôle plus durable qu'une simple aide ponctuelle.	Economie P23	Contrast with durable action
N79	response	Nuancer et comparer	an irreplaceable role	un rôle irremplaçable	un rôle irremplaçable	Cependant, il faut reconnaître que les associations et les ONG jouent un rôle irremplaçable, notamment auprès des personnes que l'État a du mal à atteindre.	Economie P23	Concede NGO value
N80	response	Nuancer et comparer	attention stays focused on […]	l'attention reste tournée vers […]	l'attention reste tournée	Pour que l'attention reste tournée vers l'enseignant et le cours, il faut que le téléphone soit rangé.	Education P3	Describes where attention remains directed.
N81	response	Nuancer et comparer	should not be absolute	ne doit pas être absolu	ne doit pas être absolu	Cependant, l'interdiction ne doit pas être absolue.	Education P3	Nuance a prohibition.
N82	response	Nuancer et comparer	remain only an exception	ne devrait rester qu'une exception	ne devrait rester qu'une exception	À mon avis, l'instruction à la maison ne devrait rester qu'une exception ; l'école est dans la grande majorité des cas une meilleure solution.	Education P4	Restrictive position.
N84	response	Nuancer et comparer	below qualifications	en dessous de ses qualifications	en dessous de ses qualifications	À l'inverse, partir sans s'informer sur ce point peut conduire à devoir accepter un emploi très en dessous de ses qualifications.	Education P5	Underemployment phrase.
N85	response	Nuancer et comparer	does not replace concrete help	ne remplace pas l'aide concrète	ne remplace pas l'aide concrète	À mon avis, oui, Internet joue un rôle réel et important dans la solidarité, même s'il ne remplace pas l'aide concrète sur le terrain.	Education P6	Nuance online action.
N86	response	Nuancer et comparer	slow the mobilization	ralentir toute la mobilisation	ralentirait toute la mobilisation	À l'opposé, sans Internet, beaucoup d'événements seraient connus avec un grand retard, ce qui ralentirait toute la mobilisation.	Education P6	Negative counterfactual.
N87	shared	Nuancer et comparer	cannot be limited to	ne peut pas se limiter à […]	ne peut pas se limiter	Ensuite, je pense qu'apprendre une langue est difficile parce que cela ne peut pas se limiter à apprendre des règles.	Education P13	Reject narrow method.
N88	response	Nuancer et comparer	rather than a one-off donation	plutôt qu'un don ponctuel	plutôt qu'un don ponctuel	À mon avis, l'action solidaire que j'aimerais le plus faire est une aide concrète et régulière auprès des personnes les plus fragiles, plutôt qu'un don ponctuel.	Education P10	Contrast aid forms.
N89	response	Nuancer et comparer	does not replace direct experience	ne pas remplacer l'expérience directe	ne remplace pas l'expérience directe	À mon avis, oui, la lecture des livres est un très bon moyen pour connaître un pays, même si elle ne remplace pas l'expérience directe.	Education P14	Use after praising indirect knowledge.
N90	response	Nuancer et comparer	more complete vision	une vision beaucoup plus complète	une vision beaucoup plus complète	Cela donne une vision beaucoup plus complète qu'un simple guide touristique.	Education P14	Compare with simpler views.
N91	response	Nuancer et comparer	superficial images	des images superficielles	des images superficielles	À l'opposé, sans ces lectures, on connaît surtout des images superficielles, comme les monuments ou la cuisine.	Education P14	Critique stereotypes.
N92	shared	Nuancer et comparer	multiple points of view	plusieurs points de vue	plusieurs points de vue	À l'opposé, une bonne information suppose d'avoir accès à plusieurs points de vue, y compris ceux avec lesquels on n'est pas spontanément d'accord.	Education P15; Education P18	Needed for balance.
N93	response	Nuancer et comparer	limit excessive gaps	limiter les écarts excessifs	limiter les écarts excessifs	À mon avis, non, tout le monde ne devrait pas avoir exactement le même salaire dans une entreprise, même s'il faut limiter les écarts excessifs.	Education P16	Nuanced position.
N94	response	Nuancer et comparer	neither fair nor realistic	ni juste ni réaliste	ni juste ni réaliste	À mon avis, il ne serait ni juste ni réaliste de payer tout le monde au même salaire dans une entreprise.	Education P16	Strong evaluation.
N95	response	Nuancer et comparer	real differences between jobs	les différences réelles entre les postes	différences réelles entre les postes	Je pense d'abord qu'une égalité totale des salaires ne tiendrait pas compte des différences réelles entre les postes.	Education P16	Justify variation.
N96	response	Nuancer et comparer	a fundamental right	un droit fondamental	un droit fondamental	À mon avis, oui, la liberté d'expression doit avoir des limites claires, même si elle reste un droit fondamental.	Education P17	Concede importance.
N97	response	Nuancer et comparer	stop where respect begins	s'arrêter là où commence le respect	s'arrêter là où commence le respect	Ensuite, je pense que la liberté d'expression doit s'arrêter là où commence le respect de l'autre.	Education P17	Boundary formula.
N98	response	Nuancer et comparer	provided it remains one tool among others	à condition que […] reste un outil parmi d'autres	à condition qu'elle reste un outil parmi d'autres	À mon avis, la télévision peut aider l'enfant, à condition qu'elle reste un outil parmi d'autres dans son quotidien.	Education P19	Conditional frame requiring the subjunctive.
N99	response	Éducation et apprentissage	judge young people too early	juger les jeunes trop tôt	juger les jeunes trop tôt	Enfin, je pense que limiter fortement l'accès à l'université reviendrait à juger les jeunes trop tôt.	Education P20	Against early selection.
N100	response	Nuancer et comparer	neither necessary nor sufficient	ni indispensable ni suffisant	ni indispensable ni suffisant	À mon avis, oui, avoir de bonnes notes peut contribuer à la réussite dans la vie, mais ce n'est ni indispensable ni suffisant.	Education P21	Balanced stance.
N101	response	Nuancer et comparer	without fixed classes or a teacher	sans cours fixes, sans enseignant	sans cours fixes, sans enseignant	En effet, sans cours fixes, sans enseignant pour vérifier et sans groupe d'élèves pour avancer, il est très facile d'abandonner ou de se disperser.	Education P22	Use for risks of unsupported self-study.
N102	response	Nuancer et comparer	purely theoretical course	un cours uniquement théorique	un cours uniquement théorique	Au contraire, un cours uniquement théorique passe souvent au-dessus des élèves les plus jeunes.	Education P23	Contrast with visits.
N103	response	Nuancer et comparer	can no longer be defended	ne peut plus être défendu	ne peut plus être défendu	Un zoo qui continue à enfermer ses animaux dans des conditions indignes ne peut plus être défendu et doit être fermé sans hésitation.	Environnement P4	Ethical limit phrase.
N104	response	Nuancer et comparer	no longer be indispensable	ne plus rien avoir d'indispensable	n'a plus rien d'indispensable	Ensuite, je pense qu'en ville, la voiture n'a plus rien d'indispensable pour beaucoup de gens.	Environnement P5	Urban nuance phrase.
N105	response	Environnement et transports	more polluting intensive agriculture	une agriculture intensive plus polluante	une agriculture intensive plus polluante	Au contraire, une faible demande maintient la prédominance d'une agriculture intensive plus polluante.	Environnement P7	Opposes organic farming.
N106	response	Nuancer et comparer	a total and immediate ban	une interdiction totale et immédiate	une interdiction totale et immédiate	À mon avis, je suis favorable à des restrictions très fortes dans les centres-villes, voire à des interdictions ciblées, mais pas à une interdiction totale et immédiate partout.	Environnement P8	Extreme option phrase.
N107	response	Nuancer et comparer	much weaker pressure on nature	une pression bien plus faible sur la nature	une pression bien plus faible sur la nature	Au contraire, d'autres secteurs, comme les services, l'éducation, la recherche ou les énergies renouvelables, créent de l'activité économique avec une pression bien plus faible sur la nature.	Environnement P14	Lower-impact phrase.
N108	response	Environnement et transports	economy versus environment	l'opposition entre économie et environnement	l'opposition entre économie et environnement	Cela montre que l'opposition entre économie et environnement n'est pas absolue : tout dépend de ce que l'on choisit de développer.	Environnement P14	Debate-framing phrase.
N109	response	Nuancer et comparer	what they can really understand	ce qu'il peut vraiment comprendre	ce qu'il peut vraiment comprendre	Avec un jeune enfant, on peut utiliser des mots simples, des images rassurantes et expliquer seulement ce qu'il peut vraiment comprendre.	Famille P4	Use to adapt explanations to a child's level.
N110	response	Nuancer et comparer	not a permanent problem	pas un problème permanent	pas un problème permanent	Cela montre que la distance n'est pas un problème permanent, mais qu'elle pèse à certains moments précis.	Famille P5	Nuance difficulty.
N111	response	Nuancer et comparer	motivate in the short term	motiver à court terme	motiver à court terme	À mon avis, cette méthode peut motiver à court terme, mais elle n'est pas vraiment une bonne base éducative.	Famille P6	Use for temporary benefits only.
N112	response	Nuancer et comparer	demands great caution	demander beaucoup de prudence	demande beaucoup de prudence	À mon avis, non, je ne suis pas totalement d'accord : travailler en famille peut très bien fonctionner, mais cela demande beaucoup de prudence.	Famille P7	Balance benefits.
N113	response	Nuancer et comparer	no one to count on	sans personne sur qui compter	sans personne sur qui compter	À l'opposé, devoir tout gérer seul, sans personne sur qui compter, alourdit énormément le quotidien.	Famille P9	Isolation contrast.
N114	response	Nuancer et comparer	not out of understanding, but fear	non pas par compréhension, mais par peur	non pas par compréhension, mais par peur	L'enfant agit non pas par compréhension, mais par peur, et cela peut bloquer le dialogue à l'adolescence.	Famille P12	Use to contrast healthy obedience with fear.
N115	response	Nuancer et comparer	not in competition	ne pas être en concurrence	ne sont pas en concurrence	Cela montre que les deux langues ne sont pas en concurrence, mais complémentaires.	Famille P13	Frame complementarity.
N116	response	Nuancer et comparer	left to generosity alone	être laissé à la seule générosité	laissées à la seule générosité	Sans intervention publique, ces personnes seraient laissées à la seule générosité des autres, ce qui est très inégal et trop fragile.	Santé P4	Shows fragility of charity only.
N117	response	Nuancer et comparer	on the material level	sur le plan matériel	sur le plan matériel	À l'inverse, sans cette présence citoyenne, beaucoup de personnes seraient certes aidées sur le plan matériel, mais resteraient terriblement seules.	Santé P4	Contrast material with emotional help.
N118	shared	Nuancer et comparer	only one element among others	un élément parmi d'autres	un élément parmi d'autres	La place de la viande n'est qu'un élément parmi d'autres dans cet équilibre.	Santé P6; Santé P22	De-emphasize one factor.
N119	response	Nuancer et comparer	a privilege for a minority	un privilège réservé à une minorité	un privilège réservé à une minorité	Enfin, parce qu'une alimentation de qualité ou produite de manière plus durable ne devrait pourtant pas devenir un privilège réservé à une minorité.	Santé P7	Strong inequality phrase.
N120	response	Nuancer et comparer	logic of punishment	une logique de punition	logique de punition	Enfin, parce que la prévention et l'éducation sont souvent plus efficaces qu'une simple logique de punition.	Santé P10	Criticize punitive-only policy.
N121	response	Santé	culinary culture has been lost	une culture culinaire qui s'est perdue	culture culinaire s'est perdue	En revanche, dans certains pays où la culture culinaire s'est perdue, les repas se résument souvent à des plats préparés sans grande qualité.	Santé P16	Contrast with decline.
N122	response	Nuancer et comparer	watch television out of habit	regarder la télévision par habitude	regarder la télévision par habitude	Enfin, parce que l'essentiel est de choisir des sources adaptées à ses besoins plutôt que de regarder la télévision par habitude.	Technologie P3	Critique passive habits
N123	response	Nuancer et comparer	more abstract and less striking	plus abstrait et moins frappant	plus abstrait et moins frappant	En revanche, un simple article peut paraître plus abstrait et moins frappant.	Technologie P6	Use when comparing weaker presentation formats.
N124	response	Nuancer et comparer	scroll for hours	scroller pendant des heures	scroller pendant des heures	En effet, deux personnes peuvent utiliser le même réseau social de façon très différente : l'une pour s'informer, apprendre et garder le contact ; l'autre pour scroller pendant des heures sans but précis.	Technologie P10	Negative habit phrase
N125	response	Nuancer et comparer	speed has a downside	la rapidité a un revers	cette rapidité a un revers	À l'inverse, cette rapidité a un revers, car les fausses informations s'y propagent tout aussi facilement.	Technologie P10	Introduce misinformation risk
N126	response	Nuancer et comparer	possible in theory	possible en théorie	possible en théorie	À mon avis, c'est possible en théorie, mais très difficile et peu pratique pour la plupart des gens.	Technologie P11	Pair with practice limits
N127	response	Nuancer et comparer	difficult in practice	difficile en pratique	difficile en pratique	À mon avis, vivre sans téléphone reste possible en théorie, mais très difficile en pratique.	Technologie P11	Pair with theory
N128	shared	Nuancer et comparer	not automatically guarantee	ne pas garantir automatiquement [qch]	ne garantit pas automatiquement	À mon avis, oui, je suis d'accord, même si cette facilité ne garantit pas automatiquement une meilleure qualité d'échange.	Technologie P13	Quality caveat
N129	response	Nuancer et comparer	stay constantly connected	rester connecté en permanence	rester connecté en permanence	Au contraire, rester connecté en permanence peut peser fortement sur le sommeil et sur la santé mentale.	Technologie P15	Contrasts healthy limits with excess.
N130	response	Nuancer et comparer	without this awareness	sans cette prise de conscience	sans cette prise de conscience	En revanche, sans cette prise de conscience, on peut perdre énormément de temps sans s'en rendre compte.	Technologie P15	Introduces risk if ignored.
N131	response	Nuancer et comparer	mobilize so many resources	mobiliser autant de ressources	mobiliser autant de ressources	À une époque où l'on demande à chacun de réduire son empreinte carbone, mobiliser autant de ressources pour quelques minutes dans l'espace est très difficile à justifier.	Technologie P17	Critiques excess.
N132	response	Nuancer et comparer	direct contact remains important	le contact direct reste très important	le contact direct reste très important	En effet, pour des vêtements, des chaussures, des meubles, certaines denrées alimentaires ou des produits techniques complexes, le contact direct reste très important.	Technologie P18	In-store advantage.
N133	response	Nuancer et comparer	do not replace the material itself	ne pas remplacer la matière	ne remplacent pas la matière	La photo et la description ne remplacent pas la matière, la taille réelle, la couleur exacte ou un essai.	Technologie P18	Use for limits of buying from photos/descriptions.
N134	response	Nuancer et comparer	everything depends on the product type	tout dépend du type de produit	tout dépend du type de produit	Cependant, tout dépend du type de produit, des habitudes de la personne et du niveau de confiance dans l'achat en ligne.	Technologie P18	Nuanced criterion.
N135	response	Nuancer et comparer	the positive effect quickly disappears	l'effet positif disparaît rapidement	l'effet positif disparaît rapidement	À l'inverse, sans aucun cadre, l'effet positif disparaît rapidement.	Technologie P19	Use when benefits vanish without structure.
N136	response	Nuancer et comparer	do not replace sleep	ne remplacent pas le sommeil	ne remplacent pas le sommeil	Enfin, je pense que les jeux vidéo peuvent être utiles s'ils restent une activité parmi d'autres et ne remplacent pas le sommeil, le sport ou les relations sociales.	Technologie P19	Protect basics.
N137	response	Nuancer et comparer	limits the depth of analysis	limiter la profondeur de l'analyse	limite la profondeur de l'analyse	À l'inverse, la télévision et la radio doivent souvent rester courtes, ce qui limite la profondeur de l'analyse.	Technologie P24	Use for media formats that stay too short.
N138	response	Nuancer et comparer	no longer have any interest	n'avoir plus aucun intérêt	n'ont plus aucun intérêt	Mon choix d'Internet ne veut pas dire que les autres médias n'ont plus aucun intérêt.	Technologie P24	Use to avoid rejecting alternatives completely.
H18	response	Travail et économie	combine work and studies	cumuler travail et études	cumuler travail et études	À mon avis, cumuler travail et études est une situation vraiment difficile.	Santé P3	Main double-burden phrase.
H19	response	Santé	a very tight schedule	un emploi du temps très serré	un emploi du temps très serré	Cela suppose un emploi du temps très serré et une grande capacité à anticiper.	Santé P3	Use for overloaded routines.
H20	response	Santé	a minimum protective framework	un cadre minimum de protection	un cadre minimum de protection	D'abord, parce que l'État doit garantir un cadre minimum de protection à toute personne en difficulté.	Santé P4	Use for basic state protection.
H21	response	Santé	stay in good health	rester en bonne santé	rester en bonne santé	La vraie question est de savoir s'il faut vraiment arrêter complètement de manger de la viande pour rester en bonne santé.	Santé P6	Basic health outcome.
H22	response	Santé	moderate meat consumption	une consommation modérée de viande	une consommation modérée de viande	Ensuite, parce qu'une consommation modérée de viande peut très bien s'intégrer dans une alimentation saine.	Santé P6; Santé P13	Balanced nutrition phrase.
H23	response	Santé	overall quality of the diet	la qualité d'ensemble de l'alimentation	la qualité d'ensemble de l'alimentation	En effet, ce qui pèse vraiment sur la santé, c'est la qualité d'ensemble de l'alimentation : assez de fruits et légumes, des produits variés, peu de sucre et peu de produits ultra-transformés.	Santé P6	Focus on the whole diet.
H24	response	Santé	the better-off	les personnes les plus aisées	personnes les plus aisées	À mon avis, on peut comprendre cette affirmation : les produits bio restent souvent plus accessibles aux personnes les plus aisées.	Santé P7	Socioeconomic group phrase.
H25	response	Santé	depending on neighborhoods and living areas	selon les quartiers et les lieux de vie	selon les quartiers et les lieux de vie	Ensuite, parce que l'offre bio n'est pas répartie de manière égale selon les quartiers et les lieux de vie.	Santé P7	Use for unequal access by area.
H26	response	Santé	family food budget	le budget alimentaire des familles	le budget alimentaire des familles	Cette différence de prix s'explique par des modes de production plus exigeants, mais elle pèse beaucoup sur le budget alimentaire des familles.	Santé P7	Useful cost-of-living phrase.
H27	response	Santé	growing use of cosmetic surgery	le recours croissant à la chirurgie esthétique	le recours croissant à la chirurgie esthétique	La vraie question est de savoir comment juger le recours croissant à la chirurgie esthétique pour rester jeune.	Santé P9	Main phenomenon label.
H28	response	Santé	around appearance	autour de l'apparence	autour de l'apparence	À mon avis, le recours croissant à la chirurgie esthétique pour rester jeune est révélateur d'une forte pression sociale autour de l'apparence.	Santé P9	Appearance-pressure phrase.
H29	response	Santé	accept aging	accepter le vieillissement	accepter le vieillissement	D'abord, parce que ce phénomène montre la difficulté de notre société à accepter le vieillissement.	Santé P9	Core social issue.
H30	response	Santé	the image someone projects	l'image renvoyée par une personne	l'image renvoyée par une personne	En effet, dans beaucoup de domaines, comme le travail, les médias ou les relations sociales, l'image renvoyée par une personne joue un rôle de plus en plus important.	Santé P9	Appearance-social-life phrase.
H31	response	Santé	signs of time	les marques du temps	les marques du temps	Les rides, les cheveux gris ou simplement les marques du temps sont souvent perçus de manière négative.	Santé P9	Elegant phrase for aging.
H32	response	Santé	meet protein needs	couvrir ses besoins en protéines	couvrir ses besoins en protéines	En effet, on peut couvrir ses besoins en protéines et en nutriments avec des œufs, des produits laitiers, des légumineuses, des céréales complètes, des fruits secs et des légumes variés.	Santé P13	Nutrition frame.
H33	response	Santé	essential everyday services	les services essentiels du quotidien	services essentiels du quotidien	Je pense d'abord que la ville offre un accès beaucoup plus simple aux services essentiels du quotidien.	Santé P14	Elderly-life vocabulary.
H34	response	Santé	public transport nearby	des transports en commun à proximité	des transports en commun à proximité	En effet, en ville, on trouve plus facilement des médecins, des spécialistes, des pharmacies, des commerces et des transports en commun à proximité.	Santé P14	Discuss urban access.
H35	response	Santé	suffer from loneliness	souffrir de solitude	souffrir de solitude	Les personnes âgées qui restent peuvent souffrir de solitude, surtout si leur famille habite loin.	Santé P14	Health/social topic.
H36	response	Santé	an office job	un travail de bureau	un travail de bureau	En effet, il y a une énorme différence entre un travail de bureau, exercé dans des conditions confortables, et un métier physique exercé sur un chantier, en usine, à l'hôpital ou dans le bâtiment.	Santé P15	Low-strain example.
H37	response	Santé	back and joint problems	des problèmes de dos et d'articulations	problèmes de dos, d'articulations	Par exemple, dans certains métiers, beaucoup de personnes arrivent déjà très usées physiquement bien avant 60 ans, avec des problèmes de dos, d'articulations ou d'épuisement.	Santé P15	Health-work vocabulary.
H38	response	Santé	good traditions and real diversity	de bonnes traditions et une vraie diversité	de bonnes traditions et une vraie diversité	D'abord, parce qu'elle conserve souvent de bonnes traditions et une vraie diversité.	Santé P16	Food-culture praise.
H39	response	Santé	home-cooked dishes	des plats préparés à la maison	des plats préparés à la maison	En effet, on retrouve encore des plats préparés à la maison, des recettes transmises de génération en génération, et une variété de produits frais.	Santé P16	Domestic cooking phrase.
H40	response	Santé	recipes passed down through generations	des recettes transmises de génération en génération	des recettes transmises de génération en génération	En effet, on retrouve encore des plats préparés à la maison, des recettes transmises de génération en génération, et une variété de produits frais.	Santé P16	Heritage phrase.
H41	response	Santé	sweet or salty snacks	des snacks sucrés ou salés	snacks sucrés ou salés	En effet, avec le travail, le manque de temps et le stress, beaucoup de personnes choisissent les solutions les plus rapides : plats tout prêts, restauration rapide, snacks sucrés ou salés.	Santé P16	Junk-food examples.
H42	response	Santé	a slight inner tension	une petite tension intérieure	une petite tension intérieure	En effet, dans certaines situations comme un examen, un entretien ou une présentation importante, une petite tension intérieure permet de rester attentif, de mieux se préparer et de réagir plus vite.	Santé P17	Exam/anxiety vocabulary.
H43	response	Santé	excessive use of video games	un usage excessif des jeux vidéo	un usage excessif des jeux vidéo	Tout d'abord, un usage excessif des jeux vidéo favorise la sédentarité et réduit d'autres activités essentielles.	Santé P19	Screen-time topic.
H44	response	Santé	very violent or anxiety-provoking	très violents ou anxiogènes	très violents ou anxiogènes	Par exemple, un jeune enfant exposé régulièrement à des jeux très violents ou anxiogènes peut développer des troubles du sommeil ou un comportement plus agressif.	Santé P19	Content warning.
H45	response	Santé	a good salary	un bon salaire	un bon salaire	La vraie question est de savoir si un bon salaire est vraiment une condition du bonheur dans la vie.	Santé P22	Salary-happiness topic.
H46	response	Santé	comfort and security	du confort et de la sécurité	du confort et de la sécurité	À mon avis, un bon salaire peut apporter du confort et de la sécurité, mais il ne suffit pas à rendre heureux.	Santé P22	Benefits of income.
H47	response	Santé	meaningful work	un travail qui a du sens	un travail qui a du sens	En effet, on peut être en bonne santé, entouré, avoir un travail qui a du sens et se sentir profondément heureux sans gagner énormément.	Santé P22	Job-satisfaction phrase.
H48	response	Santé	live without medication	vivre sans médicaments	vivre sans médicaments	La vraie question est de savoir s'il est vraiment impossible aujourd'hui de vivre sans médicaments.	Santé P23	Medicine debate frame.
H49	response	Santé	treat certain illnesses	traiter certaines maladies	traiter certaines maladies	D'abord, parce qu'ils sont effectivement essentiels pour traiter certaines maladies et permettre à des personnes de vivre normalement.	Santé P23	Medical-use phrase.
H50	response	Santé	eat well and sleep enough	manger équilibré et dormir suffisamment	manger équilibré, dormir suffisamment	En effet, beaucoup de problèmes de santé peuvent être prévenus ou améliorés par de meilleures habitudes : manger équilibré, dormir suffisamment, faire de l'exercice, gérer son stress et limiter alcool et tabac.	Santé P23	Lifestyle prevention.
A38	response	Schémas d'argumentation	a cause with very broad impact	une cause à très large impact	une cause à très large impact	Ensuite, ses effets se propagent à presque tous les autres problèmes sociaux, ce qui en fait une cause à très large impact.	Culture P4	À + impact describes scope.
A39	shared	Schémas d'argumentation	a credible priority is measured by	une priorité crédible se mesure à […]	Une priorité crédible se mesure	Une priorité crédible se mesure d'abord à la gravité et à l'immédiateté des situations qu'elle cherche à améliorer.	Culture P4	Se mesurer à = be judged by.
A40	response	Schémas d'argumentation	never remain isolated	ne jamais rester isolé	ne restent jamais isolées	En effet, ces difficultés ne restent jamais isolées.	Culture P4	Negation wraps conjugated verb.
A41	response	Schémas d'argumentation	mobilize at several levels	mobiliser à plusieurs niveaux	mobiliser à plusieurs niveaux	À l'inverse, la lutte contre la pauvreté peut mobiliser à plusieurs niveaux : pouvoirs publics, associations, entreprises et citoyens, chacun avec un rôle clair.	Culture P4	À plusieurs niveaux is scalable.
A42	response	Schémas d'argumentation	open real opportunities	ouvrir de vraies opportunités	ouvrir de vraies opportunités	D'abord, partir peut ouvrir de vraies opportunités que l'on n'aurait pas dans son pays d'origine.	Culture P5	Ouvrir une opportunité is productive.
A43	response	Schémas d'argumentation	real personal preparation	une vraie préparation personnelle	une vraie préparation personnelle	Ensuite, cette réussite dépend d'une vraie préparation personnelle, sans laquelle le départ peut au contraire fragiliser la situation.	Culture P5	Vraie emphasizes seriousness.
A44	response	Schémas d'argumentation	follow a sustained line of thought	suivre une pensée longue	suivre une pensée longue	En effet, lire demande de prendre du temps, de suivre une pensée longue et de tenir son attention sur plusieurs pages, parfois plusieurs heures.	Culture P6; Culture P20	Use for reading or complex reasoning.
A45	response	Schémas d'argumentation	get to the heart of a subject	aller au fond d'un sujet	aller au fond d'un sujet	Il prend le temps d'aller au fond d'un sujet et il reste accessible des années plus tard.	Culture P6	Aller au fond de = explore deeply.
A46	response	Schémas d'argumentation	require commitment, discipline and training	demander de l'engagement, de la discipline et de la formation	d'engagement, de discipline et de formation	À mon avis, non, les métiers artistiques sont de vrais métiers sérieux, qui demandent autant d'engagement, de discipline et de formation que beaucoup d'autres professions.	Culture P7	Use for serious professional effort.
A47	response	Schémas d'argumentation	real professional organization	une vraie organisation professionnelle	une vraie organisation professionnelle	Même s'ils sont souvent moins reconnus financièrement et socialement, ils demandent une vraie discipline, une vraie formation et reposent sur une vraie organisation professionnelle.	Culture P7	Organisation professionnelle = industry structure.
A48	shared	Schémas d'argumentation	accept criticism	accepter les critiques	accepter les critiques	L'artiste doit travailler sa technique et accepter les critiques.	Culture P7; Economie P3	Critiques can mean criticism.
A49	response	Schémas d'argumentation	meet deadlines	tenir des délais	tenir des délais	Il doit aussi savoir s'organiser et tenir des délais, exactement comme dans n'importe quelle autre profession.	Culture P7	Tenir un délai = meet deadline.
A50	response	Schémas d'argumentation	master a precise technique	maîtriser une technique précise	maîtriser une technique précise	Il faut maîtriser une technique précise, connaître l'histoire de son art et savoir collaborer avec d'autres professionnels.	Culture P7	Maîtriser = have command of.
A51	response	Schémas d'argumentation	as soon as real contact exists	dès qu'il existe un vrai contact	dès qu'il existe un vrai contact	Enfin, dès qu'il existe un vrai contact entre les jeunes et les personnes âgées, ce jugement pessimiste devient en général beaucoup plus nuancé.	Culture P8; Culture P2	Dès que = as soon as.
A52	shared	Schémas d'argumentation	remember mainly the good sides	retenir surtout les bons côtés	on retient surtout les bons côtés	Mais cette mémoire est en grande partie reconstruite : avec le temps, on retient surtout les bons côtés et l'on oublie les conflits, les bêtises et les difficultés.	Culture P2; Culture P8	Retenir = keep in memory.
A53	response	Schémas d'argumentation	support found locally	le soutien trouvé sur place	du soutien trouvé sur place	Enfin, le degré de difficulté dépend en grande partie des conditions du départ et du soutien trouvé sur place.	Culture P9	Trouvé sur place = found locally.
A54	response	Schémas d'argumentation	the smallest daily procedure	la moindre démarche du quotidien	la moindre démarche du quotidien	Cela transforme les premiers mois à l'étranger en une période très exigeante, où la moindre démarche du quotidien demande un effort important.	Culture P9; Culture P29	La moindre = even the smallest.
A55	response	Schémas d'argumentation	compatible with good integration	compatible avec une bonne intégration	compatible avec une bonne intégration	La vraie question est de savoir si garder ses traditions et sa culture d'origine est compatible avec une bonne intégration dans le pays d'accueil.	Culture P10	Compatible avec + noun.
A56	response	Schémas d'argumentation	real cultural and social value	une vraie valeur culturelle et sociale	une vraie valeur culturelle et sociale	Ensuite, elle a aussi une vraie valeur culturelle et sociale, en partageant des films, des débats et des moments communs.	Culture P12	Use to credit media or cultural activities.
A57	response	Schémas d'argumentation	give clear, striking information	donner des informations claires et marquantes	donner des informations claires et marquantes	Par exemple, un bon documentaire sur l'environnement ou sur l'histoire peut donner des informations claires et marquantes en une heure, ce qui n'a rien d'une perte de temps.	Culture P12	Use for effective documentaries or explanations.
A58	response	Éducation et apprentissage	cultural subjects belong in school	les matières culturelles ont toute leur place à l'école	les matières culturelles ont toute leur place à l'école	À mon avis, non, je ne suis pas d'accord : les matières culturelles ont toute leur place à l'école, car elles développent l'expression, l'ouverture d'esprit et de vraies compétences utiles pour la vie.	Culture P13	Avoir toute sa place = fully belong.
A59	response	Éducation et apprentissage	they build the student's personality	forment la personnalité de l'élève	forment la personnalité de l'élève	Cela montre que les matières culturelles forment la personnalité de l'élève, et pas seulement ses connaissances.	Culture P13	Human dimension
A60	response	Technologie et médias	technology allows direct contact	les technologies actuelles permettent un contact direct	les technologies actuelles permettent un contact direct	Enfin, les technologies actuelles permettent un contact direct avec d'autres cultures, sans même se déplacer.	Culture P14	Modern contact
A61	response	Schémas d'argumentation	build real connections	nouer de vrais liens	nouer de vrais liens	On peut ainsi entrer en relation directe avec une autre culture, poser des questions et nouer de vrais liens, sans jamais prendre l'avion.	Culture P14	Use for forming meaningful relationships.
A62	response	Schémas d'argumentation	cuisine is a living memory	une sorte de mémoire vivante	une sorte de mémoire vivante	La cuisine est donc une sorte de mémoire vivante, transmise de génération en génération.	Culture P15	Memory
A63	response	Schémas d'argumentation	bring valuable emotional support	apporter un soutien émotionnel précieux	apportent un soutien émotionnel précieux	D'abord, les amis apportent un soutien émotionnel précieux dans les moments difficiles, que la famille ou le couple ne couvrent pas toujours.	Culture P16	Use for support in difficult moments.
A64	response	Schémas d'argumentation	friendship is a source of inner balance	une vraie source d'équilibre intérieur	une vraie source d'équilibre intérieur	Cela montre que l'amitié n'est pas un simple plaisir, mais une vraie source d'équilibre intérieur.	Culture P16	Balance
A65	response	Schémas d'argumentation	meet a deep human need	répondre à un besoin humain profond	répondent à un besoin humain profond	Cela montre que les liens d'amitié répondent à un besoin humain profond, qu'on ne peut pas remplacer par autre chose.	Culture P16	Use for needs that cannot be replaced.
A66	response	Schémas d'argumentation	friends open us to other ways of seeing	nous ouvrent à d'autres manières de voir	nous ouvrent à d'autres manières de voir	Enfin, l'amitié nous aide à grandir et à mieux nous connaître, parce que les amis nous parlent franchement et nous ouvrent à d'autres manières de voir.	Culture P16	Perspective
A67	response	Schémas d'argumentation	this healthy confrontation helps us evolve	Cette confrontation bienveillante nous fait évoluer	Cette confrontation bienveillante nous fait évoluer	Cette confrontation bienveillante nous fait évoluer et participe directement à la construction de notre personnalité.	Culture P16	Evolution
A68	response	Schémas d'argumentation	help us become ourselves	aider à devenir soi-même	aide à devenir nous-mêmes	Cela montre que l'amitié ne nous rend pas seulement heureux sur le moment : elle nous aide à devenir nous-mêmes, ce qui nourrit un bonheur plus profond et plus durable.	Culture P16	Use for identity-building relationships.
A69	response	Schémas d'argumentation	autonomy, open-mindedness and opportunities	autonomie, ouverture d'esprit et opportunités	autonomie, ouverture d'esprit et opportunités	D'abord, elle peut effectivement apporter beaucoup : autonomie, ouverture d'esprit et opportunités.	Culture P17	Use to list benefits of going abroad.
A70	shared	Schémas d'argumentation	living abroad forces you to manage on your own	oblige à se débrouiller seul	oblige à se débrouiller seul	En effet, vivre dans un nouvel environnement oblige à se débrouiller seul et à développer des qualités utiles pour toute une carrière.	Culture P17; Culture P5; Culture P21; Famille P5	Autonomy
A71	response	Schémas d'argumentation	it can become an accelerator of maturity	un accélérateur de maturité	un accélérateur de maturité	Cela montre qu'une expérience à l'étranger peut devenir un accélérateur de maturité, de compétences et d'ouverture, quand elle se déroule dans de bonnes conditions.	Culture P17	Growth
A72	response	Schémas d'argumentation	writing by hand took time and thought	demandait du temps et de la réflexion	demandait du temps et de la réflexion	Ensuite, écrire à la main demandait du temps et de la réflexion, ce qui donnait à ces écrits une vraie qualité.	Culture P18	Writing
A73	response	Schémas d'argumentation	these letters left a lasting trace	laissait une trace que l'on pouvait garder	laissait une trace que l'on pouvait garder	Enfin, je pense que le courrier traditionnel avait une vraie valeur de mémoire, parce qu'il laissait une trace que l'on pouvait garder.	Culture P18	Trace
A74	response	Schémas d'argumentation	find them again years later	les retrouver des années plus tard	les retrouver des années plus tard	En effet, on rangeait les lettres importantes dans une boîte ou dans un tiroir, et on pouvait les retrouver des années plus tard.	Culture P18	Use for rediscovering kept letters or objects.
A75	response	Schémas d'argumentation	made all the difference	faire toute la différence	faisait toute la différence	Cette dimension matérielle et personnelle faisait toute la différence.	Culture P18	Use for the decisive factor.
A76	response	Schémas d'argumentation	maintained a certain richness of language	entretenir une certaine richesse de la langue	entretenait une certaine richesse de la langue	De plus, cette pratique régulière entretenait une certaine richesse de la langue.	Culture P18	Use for practices that keep language rich.
A77	response	Schémas d'argumentation	you can observe a country without speaking its language	on peut observer un pays sans parler sa langue	on peut observer un pays sans parler sa langue	À mon avis, on peut observer un pays sans parler sa langue, mais pas vraiment le connaître en profondeur.	Culture P19	Thesis
A78	response	Schémas d'argumentation	give access to real conversations	donner accès aux vraies conversations	donne accès aux vraies conversations	D'abord, la langue est ce qui donne accès aux vraies conversations, aux mentalités et à l'humour des gens.	Culture P19	Use for what language makes possible.
A79	response	Schémas d'argumentation	some aspects remain accessible	certains aspects d'un pays restent accessibles	certains aspects d'un pays restent accessibles	Enfin, je pense qu'il est juste de dire que certains aspects d'un pays restent accessibles même sans en parler la langue.	Culture P19	Nuance
A80	response	Schémas d'argumentation	art, music, or translated cinema	l'art, la musique ou le cinéma traduit	l'art, la musique ou le cinéma traduit	De plus, l'art, la musique ou le cinéma traduit donnent déjà une idée d'une culture, sans demander une grande maîtrise de la langue.	Culture P19	Use as culture accessible without the language.
A81	response	Schémas d'argumentation	reading trains deep reflection	entraîne la réflexion en profondeur	entraîne la réflexion en profondeur	Ensuite, je pense que la lecture garde malgré tout une place particulière, parce qu'elle entraîne la réflexion en profondeur.	Culture P20	Reflection
A82	response	Schémas d'argumentation	slower and more structured	plus lente et plus structurée	plus lente et plus structurée	Cette manière de penser, plus lente et plus structurée, fait partie de ce que l'on appelle vraiment « être cultivé ».	Culture P20	Use for careful, text-based thinking.
A83	response	Schémas d'argumentation	are first transmitted through texts	être d'abord transmis par des textes	sont d'abord transmises par des textes	En effet, la littérature, la philosophie ou la pensée historique sont d'abord transmises par des textes, et les versions résumées ne rendent qu'une petite partie de leur richesse.	Culture P20	Use for knowledge mainly passed on in writing.
A84	response	Schémas d'argumentation	reading keeps a unique function	garde une fonction unique	garde une fonction unique	Cela montre que la lecture garde une fonction unique dans l'accès à la culture, que les autres supports ne remplacent qu'en partie.	Culture P20	Unique
A85	response	Schémas d'argumentation	traveling alone can be very enriching	une expérience très enrichissante	une expérience très enrichissante	À mon avis, voyager seul peut être une expérience très enrichissante, parce qu'elle développe l'autonomie, donne une vraie liberté et favorise des rencontres plus authentiques, même si cela ne convient pas à tout le monde.	Culture P21	Thesis
A86	response	Schémas d'argumentation	it develops autonomy and real freedom	développe l'autonomie, donne une vraie liberté	développe l'autonomie, donne une vraie liberté	À mon avis, voyager seul peut être une expérience très enrichissante, parce qu'elle développe l'autonomie, donne une vraie liberté et favorise des rencontres plus authentiques, même si cela ne convient pas à tout le monde.	Culture P21	Benefits
A87	response	Schémas d'argumentation	it favors more authentic encounters	favorise des rencontres plus authentiques	favorise des rencontres plus authentiques	À mon avis, voyager seul peut être une expérience très enrichissante, parce qu'elle développe l'autonomie, donne une vraie liberté et favorise des rencontres plus authentiques, même si cela ne convient pas à tout le monde.	Culture P21	Encounters
A88	response	Schémas d'argumentation	traveling alone is a real school of autonomy	une vraie école d'autonomie	une vraie école d'autonomie	Je pense d'abord que voyager seul est une vraie école d'autonomie et de confiance en soi.	Culture P21	Metaphor
A89	response	Schémas d'argumentation	you learn to make decisions quickly	prendre des décisions rapidement	prendre des décisions rapidement	De plus, ces situations obligent à prendre des décisions rapidement, ce qui apprend à se connaître et à se faire confiance.	Culture P21	Decide
A90	response	Schémas d'argumentation	it turns travel into a personal experience	une vraie expérience personnelle	une vraie expérience personnelle	Cela montre que voyager seul transforme le voyage en une vraie expérience personnelle, modelée par ses propres envies.	Culture P21	Personal
A91	response	Schémas d'argumentation	a real condition for well-being	une vraie condition du bien-être	une vraie condition du bien-être	Cela montre que les liens avec les habitants ne sont pas un détail, mais une vraie condition du bien-être à l'étranger.	Culture P24	Strong argumentative label.
A92	response	Schémas d'argumentation	by speaking regularly with locals	en parlant régulièrement avec des locaux	en parlant régulièrement avec des locaux	En effet, les cours et les livres donnent une base, mais c'est seulement en parlant régulièrement avec des locaux que l'on devient vraiment à l'aise dans la langue.	Culture P24	Use for language practice.
A93	response	Schémas d'argumentation	local relationships are the basis	les relations locales sont la base	les relations locales sont la base	Cela montre que les relations locales sont la base d'une vraie intégration, et pas seulement un agrément.	Culture P24	Use for integration claims.
A94	response	Schémas d'argumentation	to accelerate a career	accélérer une carrière	accélérer une carrière	De plus, dans certains domaines comme la recherche, l'ingénierie, la santé ou le numérique, une expérience internationale peut accélérer une carrière et donner accès à des projets plus ambitieux.	Culture P25	Useful for professional mobility.
A95	response	Schémas d'argumentation	a career decision	une décision de carrière	une décision de carrière	Pour beaucoup, partir à l'étranger est donc d'abord une décision de carrière, prise pour avancer plus vite ou trouver un emploi qu'ils n'auraient pas chez eux.	Culture P25	Name the choice concretely.
A96	shared	Schémas d'argumentation	to step out of habits	sortir de ses habitudes	sortir de ses habitudes	En effet, vivre dans un autre pays permet d'apprendre une nouvelle langue et de sortir de ses habitudes ; le contact avec une autre culture ouvre l'esprit, fait relativiser ses propres certitudes et apprend à voir les choses autrement.	Culture P25; Famille P9	Good for personal change.
A97	shared	Schémas d'argumentation	help put one's certainties into perspective	faire relativiser ses propres certitudes	fait relativiser ses propres certitudes	En effet, vivre dans un autre pays permet d'apprendre une nouvelle langue et de sortir de ses habitudes ; le contact avec une autre culture ouvre l'esprit, fait relativiser ses propres certitudes et apprend à voir les choses autrement.	Culture P25; Culture P17	Faire relativiser = make someone put in perspective.
A98	response	Schémas d'argumentation	build a realistic project	construire un projet réaliste	construire un projet réaliste	À mon avis, il est très important de bien connaître le pays d'accueil avant d'immigrer, parce que cela facilite les démarches une fois sur place, permet de construire un projet réaliste et aide à se préparer aux différences culturelles.	Culture P26	Good planning collocation.
A99	response	Schémas d'argumentation	leave with illusions	partir sur des illusions	partir sur des illusions	Sans ces informations, on risque de partir sur des illusions et de découvrir trop tard que le projet n'est pas viable.	Culture P26	Use for unrealistic departure plans.
A100	response	Schémas d'argumentation	face social codes	affronter des codes sociaux	affronter des codes sociaux	En effet, vivre dans un autre pays signifie souvent affronter des codes sociaux, un climat ou un rythme de vie très différents de ce que l'on a connu.	Culture P26	Use for cultural difficulty.
A101	shared	Schémas d'argumentation	on the psychological level	sur le plan psychologique	sur le plan psychologique	Cela montre que la connaissance du pays joue aussi un rôle important sur le plan psychologique.	Culture P26; Santé P8	Introduce mental impact.
A102	response	Étranger et immigration	strongly marked by the original culture	fortement marqué par la culture d'origine	fortement marquée par la culture d'origine	En effet, la manière de penser la famille, le respect, le travail ou les relations humaines reste souvent fortement marquée par la culture d'origine, même après de longues années à l'étranger.	Culture P27	Use for lasting values.
A103	response	Schémas d'argumentation	still feel deeply connected	se sentir encore profondément lié à […]	se sentent encore profondément liées	De plus, beaucoup de personnes disent qu'elles se sentent encore profondément liées à leur pays d'origine, même quand elles n'y vivent plus depuis longtemps.	Culture P27	Adapt agreement to subject.
A104	response	Schémas d'argumentation	each simple task becomes long	chaque tâche simple devient longue	Chaque tâche simple devient longue	Chaque tâche simple devient longue et stressante et demande énormément d'énergie, parce qu'on doit tout comprendre dans un système que l'on ne connaît pas encore.	Culture P29; Culture P9; Culture P17	Concrete daily-burden frame.
A105	response	Schémas d'argumentation	prove oneself for a long time	faire ses preuves longtemps	faire ses preuves longtemps	De plus, même dans un pays accueillant, les groupes d'amis et les réseaux professionnels sont déjà formés : un nouvel arrivant doit faire ses preuves longtemps avant d'y être pleinement inclus et reste souvent à la périphérie de ces cercles.	Culture P30	Use for earning inclusion.
A106	response	Schémas d'argumentation	is measured above all by	se mesurer surtout à […]	Elle se mesure surtout au sentiment intérieur d'être chez soi, d'être reconnu et de se sentir pleinement à sa place	Elle se mesure surtout au sentiment intérieur d'être chez soi, d'être reconnu et de se sentir pleinement à sa place.	Culture P30	Use for evaluation criteria.
A107	response	Schémas d'argumentation	face a pace of life	affronter un rythme de vie	affronter un rythme de vie	Or vivre dans un autre pays, c'est aussi affronter un rythme de vie et une mentalité différents, qui peuvent laisser un sentiment de décalage pendant longtemps.	Culture P30	Introduce cultural adaptation.
A108	response	Schémas d'argumentation	still developing	être encore en construction	encore en construction	À mon avis, la télé-réalité a souvent une mauvaise influence sur les jeunes, parce qu'elle valorise des modèles superficiels, banalise des comportements problématiques et touche un public encore en construction.	Culture P31	Use for a young audience still forming.
A109	response	Schémas d'argumentation	without particular effort	sans effort particulier	sans effort particulier	De plus, ces personnes deviennent des références pour beaucoup de jeunes, qui rêvent ensuite de devenir célèbres sans effort particulier.	Culture P31	Use for easy fame critique.
A110	response	Schémas d'argumentation	normalizes behaviors	banaliser des comportements	banalise des comportements	À mon avis, la télé-réalité a souvent une mauvaise influence sur les jeunes, parce qu'elle valorise des modèles superficiels, banalise des comportements problématiques et touche un public encore en construction.	Culture P31	Use for moral critique.
A111	response	Schémas d'argumentation	particularly exposed to these models	particulièrement exposé à ces modèles	particulièrement exposés à ces modèles	Ils sont donc particulièrement exposés à ces modèles et plus facilement influencés que des adultes.	Culture P31	Adapt agreement to subject.
A112	response	Schémas d'argumentation	is not political competence	n'est pas une compétence politique	n'est pas une compétence politique	D'abord, la notoriété, à elle seule, n'est pas une compétence politique.	Culture P33	Core objection.
A113	response	Schémas d'argumentation	cannot improvise it	ne pas pouvoir improviser [qch]	ne peut pas improviser	La politique est un métier sérieux, qui demande des connaissances, du temps et de l'expérience, et qu'on ne peut pas improviser sur la base de la seule popularité.	Culture P33	Use for skills that require preparation.
A114	response	Schémas d'argumentation	draw attention to important issues	attirer l'attention sur des sujets importants	attirer l'attention sur des sujets importants	En effet, une personne connue peut attirer l'attention sur des sujets importants, mobiliser un public qui ne s'intéressait pas à la politique et faire entendre certaines causes plus largement.	Culture P33	Use for advocacy.
A115	response	Schémas d'argumentation	make certain causes heard	faire entendre certaines causes	faire entendre certaines causes	En effet, une personne connue peut attirer l'attention sur des sujets importants, mobiliser un public qui ne s'intéressait pas à la politique et faire entendre certaines causes plus largement.	Culture P33	Useful activism collocation.
A116	response	Schémas d'argumentation	a mere communication operation	une simple opération de communication	une simple opération de communication	Sans ce sérieux, sa présence en politique reste une simple opération de communication.	Culture P33	Critique empty politics.
A117	response	Schémas d'argumentation	a very critical eye	un regard très critique	un regard très critique	À mon avis, ces nouvelles habitudes de consommation méritent un regard très critique.	Culture P34	Use for evaluation stance.
A118	response	Schémas d'argumentation	participate fully in national life	participer pleinement à l'activité du pays	participant pleinement à l'activité du pays	D'abord, ils jouent un rôle économique important, en occupant souvent des emplois essentiels et en participant pleinement à l'activité du pays.	Culture P35	Use for civic or economic participation.
A119	response	Schémas d'argumentation	local labor is not enough	la main-d'œuvre locale ne suffit pas	la main-d'œuvre locale ne suffit pas	De plus, beaucoup d'immigrés très qualifiés viennent renforcer des secteurs comme la recherche, l'ingénierie, la santé ou le numérique, où la main-d'œuvre locale ne suffit pas.	Culture P35	Use for shortage arguments.
A120	response	Étranger et immigration	immigrants' economic contribution	la contribution économique des immigrés	la contribution économique des immigrés	Cela montre que la contribution économique des immigrés est très concrète et largement sous-estimée.	Culture P35	Summary phrase.
A121	response	Schémas d'argumentation	move beyond a closed-minded view	sortir d'une vision trop fermée	sortir d'une vision trop fermée	De plus, ce mélange culturel pousse les habitants à s'ouvrir, à découvrir et à sortir d'une vision trop fermée d'eux-mêmes.	Culture P35	Use for openness to other perspectives.
A122	response	Schémas d'argumentation	balance the population	équilibrer la population	équilibrer la population	De plus, les immigrés sont souvent jeunes, en âge de travailler et prêts à fonder une famille, ce qui contribue à équilibrer la population.	Culture P35	Demographic benefit phrase.
A123	response	Schémas d'argumentation	make difficult decisions	prendre des décisions difficiles	prendre des décisions difficiles	Ensuite, il exige de prendre des décisions difficiles et d'assumer leurs conséquences, ce qui ne convient pas à chacun.	Economie P3	Responsibility phrase
A124	response	Schémas d'argumentation	manage day-to-day tensions	gérer les tensions au quotidien	gérer les tensions au quotidien	En effet, un responsable doit savoir écouter, organiser, motiver une équipe et gérer les tensions au quotidien.	Economie P3	Useful team phrase
A125	response	Schémas d'argumentation	restart with more energy	repartir avec plus d'énergie	repartir avec plus d'énergie	Une pause courte de quinze ou vingt minutes permet de repartir avec plus d'énergie et de clarté.	Economie P4	After-break effect
A126	response	Travail et économie	protects health and well-being	protéger la santé et le bien-être	protège la santé et le bien-être	Ensuite, je pense que cette mesure est utile parce qu'elle protège la santé et le bien-être des salariés.	Economie P4	Human benefit
A127	shared	Schémas d'argumentation	monitor or regulate every aspect	ne pouvoir ni surveiller ni encadrer [qch]	il ne peut ni surveiller ni encadrer chaque aspect de la vie quotidienne	Même s'il doit rester très solide sur les enjeux essentiels comme la sécurité, la justice ou la santé publique, il ne peut ni surveiller ni encadrer chaque aspect de la vie quotidienne.	Culture P3; Economie P5	Use for limits of state control.
A128	response	Schémas d'argumentation	a matter of protection	une question de protection	une question de protection	Dans ce cas, partir n'est pas une envie mais une question de protection pour soi et pour sa famille.	Economie P14	Family-safety frame
A129	response	Étranger et immigration	right to work legally	le droit de travailler légalement	le droit de travailler légalement	En effet, il faut souvent obtenir un visa de travail, un permis de séjour, parfois prouver un minimum de ressources et passer plusieurs étapes avant d'avoir le droit de travailler légalement.	Economie P15	Work authorization frame
A130	response	Schémas d'argumentation	support regions that are emptying out	soutenir des régions qui se vident	soutenir des régions qui se vident	Ensuite, je pense que le tourisme permet aussi de soutenir des régions qui se vident ou qui se développent peu.	Economie P16	Regional-development phrase
A131	response	Schémas d'argumentation	highlight culture	mettre en valeur la culture	mettre en valeur la culture	Enfin, je pense que développer le tourisme permet aussi de mettre en valeur la culture et l'image du pays.	Economie P16	Cultural benefit
A132	response	Environnement et transports	large share of monthly budget	une part importante du budget mensuel	une part importante du budget mensuel	En effet, pour beaucoup de familles modestes, le coût des transports représente une part importante du budget mensuel.	Economie P22	Household-budget argument
A133	response	Schémas d'argumentation	have a role to play	avoir un rôle à jouer	un rôle à jouer	Enfin, parce que les entreprises et les citoyens eux-mêmes ont aussi un rôle à jouer dans cette solidarité.	Economie P23	Shared-action phrase
A134	response	Schémas d'argumentation	within reach	à portée de main	à portée de main	En effet, dès qu'un élève a son téléphone à portée de main, il pense aux notifications, aux messages et aux réseaux sociaux, même pendant les cours.	Education P3	Device accessibility.
A135	shared	Schémas d'argumentation	play an essential role in...	jouer un rôle essentiel dans […]	l'école joue un rôle essentiel	Tout d'abord, l'école joue un rôle essentiel dans la socialisation de l'enfant.	Education P4	Use for an institution's key function.
A136	response	Schémas d'argumentation	respect common rules	respecter des règles communes	respecter des règles communes	En effet, à l'école, l'enfant apprend à vivre avec des camarades très différents de lui, à respecter des règles communes, à gérer les conflits et à travailler en groupe.	Education P4; Education P18	Socialization skill.
A137	response	Schémas d'argumentation	manage conflicts	gérer les conflits	gérer les conflits	En effet, à l'école, l'enfant apprend à vivre avec des camarades très différents de lui, à respecter des règles communes, à gérer les conflits et à travailler en groupe.	Education P4	Group-life skill.
A138	response	Schémas d'argumentation	professionals trained to teach	des professionnels formés à transmettre	des professionnels formés à transmettre	En effet, les enseignants sont des professionnels formés à transmettre, à adapter leur méthode et à évaluer le niveau des élèves.	Education P4	Teacher-expertise phrase.
A139	response	Schémas d'argumentation	a solid, comparable foundation	une base solide et comparable	une base solide et comparable	Ils suivent un programme pensé pour donner à tous les enfants une base solide et comparable.	Education P4	Use for shared curriculum standards.
A140	response	Étranger et immigration	before any immigration step	avant toute démarche d'immigration	avant toute démarche d'immigration	À mon avis, il faut que chaque candidat se pose trois questions avant toute démarche d'immigration au Québec.	Education P5	Planning frame.
A141	response	Schémas d'argumentation	facilitate concrete organization	faciliter l'organisation concrète	facilite beaucoup l'organisation concrète	Ensuite, je pense qu'Internet facilite beaucoup l'organisation concrète de la solidarité.	Education P6	Practical aid frame.
A142	response	Schémas d'argumentation	offer volunteer time	proposer du temps comme bénévole	proposer du temps comme bénévole	En effet, grâce aux plateformes en ligne, il est devenu très simple de faire un don, de proposer du temps comme bénévole ou de partager des informations utiles.	Education P6	Volunteering phrase.
A143	response	Travail et économie	understand job requirements	comprendre les exigences du métier	comprendre les exigences du métier	À l'inverse, sans cette formation, il faut souvent plus de temps pour comprendre les exigences du métier et progresser.	Education P12	Explains need for training.
A144	response	Travail et économie	give access to jobs	donner accès à des métiers	donnent accès à des métiers	Ensuite, je pense que les études donnent accès à des métiers généralement plus stables et mieux rémunérés.	Education P12	Career access frame.
A145	response	Schémas d'argumentation	require a specific diploma	exiger un diplôme précis	exigent un diplôme précis	En effet, beaucoup de postes qualifiés exigent un diplôme précis, et les diplômés ont souvent moins de difficultés à trouver un emploi durable.	Education P12	Qualification requirement.
A146	shared	Schémas d'argumentation	requires lots of time	demander beaucoup de temps	demande beaucoup de temps	D'abord, parce que cela demande beaucoup de temps et de régularité.	Education P13; Culture P30	Effort argument.
A147	response	Schémas d'argumentation	listen, speak, make mistakes	écouter, parler, faire des erreurs	écouter, parler, faire des erreurs	En effet, il ne suffit pas de connaître la grammaire ou le vocabulaire pour vraiment parler : il faut écouter, parler, faire des erreurs et oser communiquer.	Education P13	Use as a practice sequence.
A148	response	Éducation et apprentissage	studies undertaken later	les études entreprises plus tard	les études entreprises plus tard	Ensuite, parce que l'expérience de la vie facilite souvent les études entreprises plus tard.	Education P7	Late-study phrase.
A149	response	Éducation et apprentissage	undertake studies	entreprendre des études	entreprendre des études	Cela montre qu'il n'y a pas d'âge limite biologique pour entreprendre des études.	Education P7	Formal study verb.
A150	response	Schémas d'argumentation	start studying again	se remettre à étudier	se remet à étudier	En effet, un adulte qui se remet à étudier peut s'appuyer sur tout ce qu'il a déjà vécu, compris et essayé.	Education P7	Adult return phrase.
A151	response	Schémas d'argumentation	make more focused progress	avancer de manière plus ciblée	avance souvent de manière plus ciblée	Il connaît mieux ses méthodes de travail, sait pourquoi il étudie et avance souvent de manière plus ciblée que les très jeunes.	Education P7	Mature learner advantage.
A152	response	Schémas d'argumentation	concrete and regular help	une aide concrète et régulière	une aide concrète et régulière	À mon avis, l'action solidaire que j'aimerais le plus faire est une aide concrète et régulière auprès des personnes les plus fragiles, plutôt qu'un don ponctuel.	Education P10	Preferred aid type.
A153	response	Schémas d'argumentation	be part of a long-term effort	s'inscrire dans la durée	s'inscrit dans la durée	À mon avis, l'action solidaire que j'aimerais faire est une action qui s'inscrit dans la durée et reste proche des personnes aidées.	Education P10	Use for lasting commitments.
A154	response	Schémas d'argumentation	help directly on the ground	aider directement sur le terrain	aider directement sur le terrain	D'abord, parce que j'aimerais aider directement sur le terrain, et pas seulement à travers un don d'argent.	Education P10	Practical engagement.
A155	response	Schémas d'argumentation	a country's deeper culture	la culture profonde de [ce pays]	la culture profonde de ce pays	D'abord, parce qu'elle donne accès à l'histoire et à la culture profonde de ce pays.	Education P14	Use for culture beyond surface images.
A156	response	Schémas d'argumentation	through literature and essays	à travers la littérature et les essais	à travers la littérature, les essais	En effet, à travers la littérature, les essais ou les livres d'histoire, on peut comprendre les grandes étapes qui ont marqué un pays et la manière dont sa société s'est construite.	Education P14	Introduce sources.
A157	response	Éducation et apprentissage	a country's tourist image	l'image touristique d'un pays	l'image touristique d'un pays	Pour que les lecteurs dépassent l'image touristique d'un pays, il faut qu'ils découvrent plusieurs auteurs et points de vue.	Education P14	Names the simplified image that broader reading can challenge.
A158	response	Schémas d'argumentation	user's critical thinking	l'esprit critique de [l'utilisateur]	l'esprit critique de l'utilisateur	Enfin, parce que la qualité de l'information dépend surtout de l'esprit critique de l'utilisateur, pas du téléphone lui-même.	Education P15	Key condition.
A159	response	Schémas d'argumentation	show matching content first	montrer en priorité les contenus	montrent en priorité les contenus	En effet, les réseaux sociaux et les moteurs de recherche montrent en priorité les contenus qui correspondent à ce qu'on aime déjà.	Education P15	Explain algorithmic filtering.
A160	response	Schémas d'argumentation	same responsibility level	le même niveau de responsabilité	le même niveau de responsabilité	D'abord, parce que les postes ne demandent pas le même niveau de responsabilité, de compétence ou d'effort.	Education P16	Compare jobs.
A161	response	Travail et économie	given the labor market	face au marché du travail	face au marché du travail	Enfin, parce qu'une telle règle serait irréaliste face au marché du travail et ferait fuir les talents.	Education P16	Use for economic constraints.
A162	response	Schémas d'argumentation	strictly framed by law	rester strictement encadré par la loi	rester strictement encadrées par la loi	Cependant, ces limites doivent rester strictement encadrées par la loi, et non décidées arbitrairement par un gouvernement ou une plateforme.	Education P17	Avoid arbitrary limits.
A163	response	Schémas d'argumentation	manage conflicts nonviolently	gérer des conflits sans violence	gérer des conflits sans violence	Apprendre à respecter des règles communes, à coopérer en classe, à gérer des conflits sans violence est une compétence essentielle pour la vie.	Education P18	Social skill.
A164	response	Schémas d'argumentation	when faced with contradictory information	face à des informations contradictoires	face à des informations contradictoires	En effet, face à des informations contradictoires, il est essentiel que les élèves sachent comparer les sources et construire leur propre opinion.	Education P18	Introduces a context requiring critical thinking.
A165	response	Schémas d'argumentation	contribute to learning	contribuer aux apprentissages de l'enfant	contribuer aux apprentissages de l'enfant	Je pense d'abord que certains programmes télévisés peuvent vraiment contribuer aux apprentissages de l'enfant.	Education P19	Educational benefit.
A166	response	Schémas d'argumentation	complement what a child learns	compléter ce que l'enfant apprend	compléter ce que l'enfant apprend	Bien choisies, ces émissions peuvent compléter ce que l'enfant apprend à l'école ou à la maison.	Education P19	Use with peut.
A167	response	Schémas d'argumentation	discussion and curiosity	la discussion et la curiosité	la discussion et la curiosité	La télévision cesse alors d'être une activité passive pour devenir un point de départ vers la discussion et la curiosité.	Education P19	Family mediation.
A168	response	Schémas d'argumentation	accessible to everyone	être accessible à tout le monde	être accessible à tout le monde	À mon avis, l'université devrait être accessible à tout le monde.	Education P20	Universal access.
A169	response	Schémas d'argumentation	essential for equal opportunity	essentiel pour l'égalité des chances	essentiel pour l'égalité des chances	Tout d'abord, rendre l'université accessible à tout le monde est essentiel pour l'égalité des chances.	Education P20	Equality argument.
A170	response	Schémas d'argumentation	benefit all society	profiter à toute la société	profite à toute la société	Ensuite, je pense qu'une université accessible profite à toute la société, et pas seulement aux étudiants eux-mêmes.	Education P20	Collective benefit.
A171	response	Schémas d'argumentation	set goals	se fixer des objectifs	se fixer des objectifs	En effet, réussir régulièrement à l'école apprend à se fixer des objectifs, à travailler de manière constante et à faire face à des défis.	Education P21	Study-skill phrase.
A172	response	Schémas d'argumentation	work consistently	travailler de manière constante	travailler de manière constante	En effet, réussir régulièrement à l'école apprend à se fixer des objectifs, à travailler de manière constante et à faire face à des défis.	Education P21	Effort routine.
A173	response	Schémas d'argumentation	face challenges	faire face à des défis	faire face à des défis	En effet, réussir régulièrement à l'école apprend à se fixer des objectifs, à travailler de manière constante et à faire face à des défis.	Education P21	Resilience phrase.
A174	response	Schémas d'argumentation	quality resources accessible to all	des ressources de qualité accessibles à tous	ressources de qualité, accessibles à tous	D'abord, parce qu'il existe en ligne énormément de ressources de qualité, accessibles à tous.	Education P22	Explain online learning.
A175	response	Schémas d'argumentation	external structure	un cadre extérieur	un cadre extérieur	En revanche, un cadre extérieur, comme un cours collectif ou un examen, aide à tenir dans la durée.	Education P22	Use for outside support or accountability.
A176	response	Schémas d'argumentation	complement classroom lessons	compléter les cours en classe	complète bien les cours en classe	D'abord, parce qu'elles permettent un apprentissage concret, qui complète bien les cours en classe.	Education P23	Link outside and class.
A177	response	Schémas d'argumentation	learn concretely	apprendre de manière concrète	apprendre de manière concrète	Tout d'abord, les sorties pédagogiques permettent aux enfants d'apprendre de manière concrète, pas seulement à partir des livres.	Education P23	Use for hands-on learning.
A178	response	Schémas d'argumentation	deeply reform the sector	réformer profondément le secteur	réformer profondément le secteur	À mon avis, non, il ne faut pas fermer tous les zoos, mais il faut réformer profondément le secteur et fermer ceux qui ne respectent pas les animaux.	Environnement P4	Policy reform phrase.
A179	response	Schémas d'argumentation	what to do with the animals	que faire des animaux	que faire des animaux	Je pense d'abord que fermer tous les zoos poserait un vrai problème concret : que faire des animaux qui y vivent ?	Environnement P4	Practical objection.
A180	response	Schémas d'argumentation	an educational and scientific role	un rôle éducatif et scientifique	rôle éducatif et scientifique	Cela permet de comprendre que les zoos sérieux peuvent avoir un vrai rôle éducatif et scientifique difficile à remplacer.	Environnement P4	Dual-purpose argument.
A181	response	Schémas d'argumentation	stricter rules	des règles plus strictes	des règles plus strictes	En effet, on peut imposer des règles plus strictes sur la taille des espaces, les soins, l'alimentation et la formation du personnel, et fermer les établissements qui ne s'y conforment pas.	Environnement P4; Environnement P11	Regulation phrase.
A182	response	Environnement et transports	do without a car entirely	se passer complètement de voiture	se passer complètement de voiture	Par exemple, beaucoup de personnes qui vivent dans le centre d'une grande ville ont déjà choisi de se passer complètement de voiture, sans que cela complique vraiment leur quotidien.	Technologie P20; Environnement P5	Useful transport verb phrase.
A183	response	Environnement et transports	individual car ownership	la possession individuelle d'une voiture	la possession individuelle d'une voiture	Cela montre qu'il existe désormais de vraies alternatives à la possession individuelle d'une voiture.	Environnement P5	Use in car debates.
A184	response	Environnement et transports	limit car traffic	limiter la circulation des voitures	limiter la circulation des voitures	À mon avis, oui, je suis plutôt d'accord : il est nécessaire de limiter la circulation des voitures en ville, à condition d'organiser cette limitation de façon réaliste.	Environnement P6	Policy action phrase.
A185	response	Schémas d'argumentation	fluidity of travel	la fluidité des déplacements	la fluidité des déplacements	Ensuite, je pense que limiter la voiture améliore la sécurité et la fluidité des déplacements pour les piétons, les cyclistes et les transports en commun.	Environnement P6	Transport-efficiency phrase.
A186	response	Schémas d'argumentation	accessible and genuinely high-quality	accessible et de vraie qualité	accessibles et de vraie qualité	À mon avis, oui, c'est plutôt une bonne évolution, à condition que ces produits restent accessibles et de vraie qualité.	Environnement P7	Add price/quality nuance.
A187	shared	Schémas d'argumentation	to as many people as possible	au plus grand nombre	au plus grand nombre	Je pense d'abord que la présence de produits bio en supermarché est utile parce qu'elle rend ce type d'alimentation accessible au plus grand nombre.	Environnement P7; Education P20; Technologie P17	Accessibility formula.
A188	response	Environnement et transports	the environmental question	la question environnementale	la question environnementale	Enfin, je pense que cela oblige les grandes enseignes à intégrer la question environnementale dans leur offre.	Environnement P7	General policy phrase.
A189	response	Schémas d'argumentation	very strong restrictions	des restrictions très fortes	des restrictions très fortes	À mon avis, je suis favorable à des restrictions très fortes dans les centres-villes, voire à des interdictions ciblées, mais pas à une interdiction totale et immédiate partout.	Environnement P8	Policy intensity phrase.
A190	response	Schémas d'argumentation	neither theoretical nor utopian	ni théorique ni utopique	ni théorique ni utopique	Cela permet de comprendre que ce type d'interdiction n'est ni théorique ni utopique : il a déjà fait ses preuves.	Environnement P8	Defends feasibility.
A191	shared	Schémas d'argumentation	be what's really at issue	être en cause	qui est en cause	À mon avis, le tourisme peut détruire certaines régions, mais ce n'est pas le tourisme en soi qui est en cause.	Environnement P9; Culture P18	Use for diagnosing blame.
A192	response	Schémas d'argumentation	act on these sectors	agir sur ces secteurs	agir sur ces secteurs	Comme ce sont les transports, le chauffage et l'industrie qui produisent l'essentiel des émissions et des particules dans l'air, agir sur ces secteurs a un vrai sens.	Environnement P11	Targeted-policy phrase.
A193	response	Schémas d'argumentation	target the right things	s'attaquer aux bonnes cibles	s'attaquent aux bonnes cibles	Cela montre que ces mesures vont dans le bon sens, parce qu'elles s'attaquent aux bonnes cibles.	Environnement P11	Useful evaluation phrase.
A194	response	Schémas d'argumentation	viable for producers	viable pour les producteurs	viable pour les producteurs	À mon avis, oui, ce développement est globalement positif, à condition qu'il reste viable pour les producteurs et accessible pour les consommateurs.	Environnement P13	Economic viability caveat.
A195	response	Schémas d'argumentation	accessible for consumers	accessible pour les consommateurs	accessible pour les consommateurs	À mon avis, oui, ce développement est globalement positif, à condition qu'il reste viable pour les producteurs et accessible pour les consommateurs.	Environnement P13	Price-access caveat.
A196	response	Schémas d'argumentation	real trade-offs	de vrais arbitrages	de vrais arbitrages	À mon avis, oui, c'est possible, mais cela demande un autre modèle de développement et de vrais arbitrages.	Environnement P14	Decision-making phrase.
A197	response	Schémas d'argumentation	compatible with real protection	compatible avec une vraie protection	compatibles avec une vraie protection	D'abord, parce que les secteurs ne polluent pas tous de la même manière, et que certains sont compatibles avec une vraie protection de l'environnement.	Environnement P14	Compatibility argument.
A198	response	Schémas d'argumentation	create wealth	créer de la richesse	créer de la richesse	Développer en priorité ces secteurs permet donc de continuer à créer de la richesse tout en limitant les dégâts.	Environnement P14	Economic-development phrase.
A199	response	Schémas d'argumentation	often gives good advice	donner souvent de bons conseils	donnent souvent de bons conseils	À mon avis, les personnes âgées donnent souvent de bons conseils, mais je n'irais pas jusqu'à dire toujours.	Famille P3	Use for elders.
A200	response	Schémas d'argumentation	adapt […] to the child's age and sensitivity	adapter […] à l'âge et à la sensibilité de l'enfant	à l'âge et à la sensibilité de l'enfant	Ensuite, il est essentiel que les parents adaptent la vérité à l'âge et à la sensibilité de l'enfant.	Famille P4	Adapt an explanation to a child's maturity.
A201	response	Schémas d'argumentation	emotionally burdensome	lourd sur le plan émotionnel	lourd sur le plan émotionnel	D'abord, parce que l'éloignement est souvent lourd sur le plan émotionnel, surtout dans les moments difficiles.	Famille P5	Strong affective reason.
A202	response	Schémas d'argumentation	transform the family relationship	transformer la relation familiale	transforme la relation familiale	Cela permet de comprendre que l'éloignement transforme la relation familiale, mais ne la remplace pas.	Famille P5	Effect of distance.
A203	response	Schémas d'argumentation	produce an immediate effect	produire un effet immédiat	produire un effet immédiat	Je pense d'abord que donner de l'argent pour de bonnes notes peut produire un effet immédiat, mais qu'il s'agit d'une motivation très fragile.	Famille P6	Short-term result.
A204	response	Schémas d'argumentation	short-term results	des résultats sur le moment	des résultats sur le moment	Cela montre que cette méthode peut donner des résultats sur le moment, mais qu'elle ne construit pas une motivation durable.	Famille P6	Contrast with lasting motivation.
A205	response	Schémas d'argumentation	true reasons to learn	les vraies raisons d'apprendre	les vraies raisons d'apprendre	Il oublie alors les vraies raisons d'apprendre : comprendre le monde, développer ses idées, préparer son avenir.	Famille P6	Meaning of school.
A206	response	Schémas d'argumentation	encourage effort and progress	encourager l'effort et les progrès	encourager l'effort, les progrès	Enfin, parce qu'il vaut mieux encourager l'effort, les progrès et le goût d'apprendre.	Famille P6	Better alternative.
A207	shared	Schémas d'argumentation	trust each other	se faire confiance	se faire confiance	En effet, on connaît déjà très bien la personne, on partage souvent les mêmes valeurs et l'on peut se faire confiance pour gérer un projet ensemble sur la durée.	Famille P7; Culture P21	Family asset.
A208	shared	Schémas d'argumentation	over the long haul	sur la durée	sur la durée	En effet, on connaît déjà très bien la personne, on partage souvent les mêmes valeurs et l'on peut se faire confiance pour gérer un projet ensemble sur la durée.	Famille P7; Education P13; Environnement P2; Economie P9; Economie P18	Project timing.
A209	response	Schémas d'argumentation	build that level of trust	construire ce niveau de confiance	construire ce niveau de confiance	À l'inverse, avec un associé ou un employé qu'on ne connaît pas, il faut beaucoup de temps pour construire ce niveau de confiance.	Famille P7	Compare outsiders.
A210	response	Schémas d'argumentation	a close friend's help	l'aide d'un ami proche	l'aide d'un ami proche	Par exemple, lors d'un déménagement, d'un changement de travail ou de l'arrivée d'un enfant, l'aide d'un ami proche fait souvent une vraie différence dans l'organisation.	Famille P9	Useful example.
A211	response	Schémas d'argumentation	not automatically be best friends	ne pas être automatiquement les meilleurs amis	on ne peut pas dire que les membres de notre famille sont automatiquement nos meilleurs amis	À mon avis, on ne peut pas dire que les membres de notre famille sont automatiquement nos meilleurs amis.	Famille P10	Reject overgeneralization.
A212	response	Schémas d'argumentation	a less judgmental gaze	un regard moins lourd	le regard est moins lourd	Par exemple, on raconte souvent plus facilement ses doutes amoureux ou professionnels à un ami qu'à ses parents, simplement parce que le regard est moins lourd.	Famille P10	Use for less family pressure.
A213	response	Schémas d'argumentation	easier in some ways	plus facile sur certains aspects	plus facile sur certains aspects	À mon avis, vivre seul est plus facile sur certains aspects, mais la vie en famille a aussi de vrais avantages : tout dépend du contexte.	Famille P11	Nuanced position.
A214	response	Schémas d'argumentation	real contribution from everyone	une contribution réelle de chacun	une contribution réelle de chacun	Enfin, pour qu'une cohabitation familiale fonctionne bien, il faut des règles claires et une contribution réelle de chacun.	Famille P11; Famille P14	Cohabitation condition.
A215	response	Schémas d'argumentation	very concrete freedom	une liberté très concrète	une liberté très concrète	Cela montre qu'au quotidien, vivre seul offre une liberté très concrète qui peut sembler plus reposante.	Famille P11	Daily benefit.
A216	response	Schémas d'argumentation	firm, fair, and explained	ferme, juste et expliquée	ferme, juste et expliquée	Enfin, parce que l'autorité la plus efficace est souvent ferme, juste et expliquée, plutôt que purement imposée.	Famille P12	Effective authority.
A217	response	Schémas d'argumentation	reassuring framework	un cadre rassurant	un cadre rassurant	L'autorité parentale lui apporte un cadre rassurant, qui le protège et l'aide à grandir sereinement.	Famille P12; Famille P2; Environnement P13	Positive authority.
A218	response	Schémas d'argumentation	know how to justify rules	savoir justifier les règles	savoir les justifier	En effet, fixer des règles, c'est aussi savoir les justifier.	Famille P12	Explain limits, don't just impose them.
A219	response	Schémas d'argumentation	value both languages in parallel	valoriser les deux langues en parallèle	valoriser les deux langues en parallèle	Enfin, parce que le meilleur équilibre consiste à valoriser les deux langues en parallèle.	Famille P13	Bilingual balance.
A220	response	Étranger et immigration	school and social integration	l'intégration scolaire et sociale	l'intégration scolaire et sociale	Ensuite, je pense que la langue du pays d'accueil reste essentielle pour l'intégration scolaire et sociale.	Famille P13	Host-language reason.
A221	response	Schémas d'argumentation	asset for the brain	un atout pour le cerveau	un atout pour leur cerveau	Ce bilinguisme est un atout pour leur cerveau, leur ouverture culturelle et leurs futures opportunités.	Famille P13	Bilingualism benefit.
A222	response	Schémas d'argumentation	a matter of justice	une question de justice	une question de justice	D'abord, parce que ce partage est une question de justice entre les personnes qui vivent ensemble.	Famille P14	Fairness argument.
A223	response	Schémas d'argumentation	the household runs more smoothly	fonctionner plus calmement	fonctionne plus calmement	À l'inverse, quand chacun participe à hauteur de ses moyens, le foyer fonctionne plus calmement et plus équitablement.	Famille P14	Result of shared responsibilities.
A224	response	Schémas d'argumentation	educational tool	un vrai outil d'éducation	un vrai outil d'éducation	Cela permet de comprendre que ces tâches sont aussi un vrai outil d'éducation.	Famille P14	Chores as training.
A225	response	Schémas d'argumentation	difficult economic context	un contexte économique difficile	contexte économique souvent difficile	D'abord, parce que cela répond à un contexte économique souvent difficile pour les jeunes adultes.	Famille P16	Justification.
A226	response	Famille et relations	put money aside	mettre de l'argent de côté	mettre de l'argent de côté	Rester chez ses parents permet d'économiser, de rembourser des prêts étudiants, de mettre de l'argent de côté pour un projet ou simplement de se stabiliser professionnellement.	Famille P16	Savings purpose.
A227	response	Schémas d'argumentation	stabilize professionally	se stabiliser professionnellement	se stabiliser professionnellement	Rester chez ses parents permet d'économiser, de rembourser des prêts étudiants, de mettre de l'argent de côté pour un projet ou simplement de se stabiliser professionnellement.	Famille P16	Transition goal.
A228	response	Schémas d'argumentation	study late in the evening	étudier tard le soir	étudier tard le soir	Par exemple, un étudiant qui travaille trois soirs par semaine et le week-end doit souvent étudier tard le soir ou très tôt le matin pour s'en sortir.	Santé P3	Concrete example of sacrifice.
A229	response	Schémas d'argumentation	provide more direct human support	apporter un soutien humain plus direct	apporter un soutien humain plus direct	Ensuite, parce que les citoyens, les associations et les bénévoles peuvent apporter un soutien humain plus direct.	Santé P4	Use for associations or volunteers.
A230	response	Schémas d'argumentation	a safety-net role	jouer un rôle de filet de sécurité	rôle de filet de sécurité	Cela montre que l'État joue un rôle de filet de sécurité que personne d'autre ne peut vraiment assurer.	Santé P4	Explain what the state ensures.
A231	response	Schémas d'argumentation	create a real human bond	créer un vrai lien humain	créer un vrai lien humain	Les associations et les bénévoles, eux, peuvent intervenir rapidement, écouter, accompagner et créer un vrai lien humain.	Santé P4	Volunteer-support benefit.
A232	response	Schémas d'argumentation	distributed equally	être réparti(e) de manière égale	répartie de manière égale	Ensuite, parce que l'offre bio n'est pas répartie de manière égale selon les quartiers et les lieux de vie.	Santé P7	Use for access disparities.
A233	response	Schémas d'argumentation	make quality food more accessible	rendre une alimentation de qualité plus accessible	rendre une alimentation de qualité plus accessible	À l'opposé, rendre une alimentation de qualité plus accessible serait un vrai progrès collectif.	Santé P7	Policy-solution phrase.
A234	shared	Schémas d'argumentation	encourage them differently	amener [qqn] à [qch] autrement	les y amener autrement	La vraie question est de savoir s'il faut vraiment obliger les enfants à faire du sport ou plutôt les y amener autrement.	Santé P8	Use instead of forcing participation.
A235	response	Schémas d'argumentation	suggest several activities	proposer plusieurs activités	proposer plusieurs activités	Enfin, parce qu'il vaut mieux proposer plusieurs activités et aider l'enfant à trouver celle qui lui correspond.	Santé P8	Parent strategy.
A236	response	Schémas d'argumentation	find the activity that suits them	trouver l'activité qui lui correspond	trouver celle qui lui correspond	Enfin, parce qu'il vaut mieux proposer plusieurs activités et aider l'enfant à trouver celle qui lui correspond.	Santé P8	Individualize activity choice.
A237	response	Schémas d'argumentation	take tastes into account	tenir compte de ses goûts	tenir compte de ses goûts	En effet, un enfant à qui l'on impose un sport qu'il déteste, au mauvais moment et sans tenir compte de ses goûts, risque de garder un très mauvais souvenir et de fuir toute activité physique plus tard.	Santé P8	Learner-choice principle.
A238	response	Schémas d'argumentation	a rather critical view	porter un regard plutôt critique	regard plutôt critique	À mon avis, je porte un regard plutôt critique sur ce phénomène, même si je peux comprendre certains cas individuels.	Santé P9	State a nuanced stance.
A239	response	Schémas d'argumentation	regain self-confidence	retrouver confiance en soi	retrouver confiance en elles	Une intervention bien pensée peut alors les aider à retrouver confiance en elles et à mieux vivre au quotidien.	Santé P9	Positive individual outcome.
A240	response	Schémas d'argumentation	regulate these products very strongly	encadrer très fortement ces produits	encadrer très fortement ces produits	À mon avis, l'État doit encadrer très fortement ces produits, mais une interdiction totale ne me semble pas la solution la plus efficace.	Santé P10	Balanced policy position.
A241	response	Schémas d'argumentation	prevention and education	la prévention et l'éducation	la prévention et l'éducation	Enfin, parce que la prévention et l'éducation sont souvent plus efficaces qu'une simple logique de punition.	Santé P10	Alternative to punishment.
A242	response	Schémas d'argumentation	limit their impact	limiter leur impact	limiter leur impact	L'État a donc un vrai rôle à jouer pour limiter leur impact, à travers les taxes, les restrictions de publicité, les avertissements sanitaires et les contrôles de vente aux mineurs.	Santé P10	Policy goal.
A243	response	Schémas d'argumentation	coherent reasons tied to health	des raisons cohérentes liées à [qch]	raisons cohérentes liées à la santé	D'abord, parce qu'il peut répondre à des raisons cohérentes liées à la santé, à l'éthique ou à l'environnement.	Santé P13	Justify a lifestyle choice.
A244	response	Schémas d'argumentation	rest on real personal reflection	reposer sur une vraie réflexion personnelle	une vraie réflexion personnelle	Cela montre que ce mode d'alimentation repose souvent sur une vraie réflexion personnelle.	Santé P13	Explain thoughtful choices.
A245	response	Schémas d'argumentation	the diversity of food choices	la diversité des choix alimentaires	la diversité des choix alimentaires	Cela montre que la diversité des choix alimentaires est tout à fait possible et même souhaitable.	Santé P13	Support pluralism.
A246	response	Environnement et transports	without relying only on a car	sans dépendre uniquement d'une voiture	sans dépendre uniquement d'une voiture	Une personne âgée qui a besoin d'aller régulièrement chez le médecin ou faire ses courses peut le faire sans dépendre uniquement d'une voiture.	Santé P14	Use for autonomy.
A247	response	Schémas d'argumentation	keep contact with others	garder un contact avec d'autres personnes	garder un contact avec d'autres personnes	À l'opposé, en ville, il est plus facile de garder un contact avec d'autres personnes, ne serait-ce que dans la rue ou au marché.	Santé P14	Use for social ties.
A248	response	Schémas d'argumentation	apply without distinction	s'appliquer sans distinction	s'applique sans distinction	En conclusion, je dirais que faire travailler les gens jusqu'à 70 ans n'est pas une mesure vraiment acceptable si elle s'applique sans distinction.	Santé P15	Criticize uniform policy.
A249	response	Schémas d'argumentation	physical or mental fatigue	la fatigue physique ou mentale	fatigue physique ou mentale	D'abord, parce que tous les métiers n'impliquent pas la même fatigue physique ou mentale.	Santé P15	Compare job strain.
A250	response	Schémas d'argumentation	take arduousness into account	tenir compte de la pénibilité	tiendrait compte de la pénibilité	À l'inverse, un système plus juste tiendrait compte de la pénibilité.	Santé P15	Use for fair policy.
A251	response	Schémas d'argumentation	radically different physical conditions	des conditions physiques radicalement différentes	des conditions physiques radicalement différentes	Par exemple, deux personnes du même âge peuvent avoir des conditions physiques radicalement différentes selon leur métier, leur logement, leur sommeil et leurs antécédents médicaux.	Santé P15	Stress individual variation.
A252	response	Schémas d'argumentation	years of contributions paid	le nombre d'années cotisées	le nombre d'années cotisées	En effet, on pourrait imaginer un système qui prenne en compte la pénibilité, le nombre d'années cotisées, l'état de santé et la situation familiale.	Santé P15	Retirement criterion.
A253	response	Schémas d'argumentation	genuine strengths	de vraies qualités	de vraies qualités	À mon avis, cette alimentation a de vraies qualités, mais elle souffre aussi de plusieurs dérives liées au mode de vie moderne.	Santé P16	Positive assessment.
A254	response	Schémas d'argumentation	in small doses	à petite dose	à petite dose	À mon avis, oui, le stress peut être stimulant, mais seulement à petite dose et pendant un temps limité.	Santé P17	Limit a benefit.
A255	response	Schémas d'argumentation	for a limited time	pendant un temps limité	pendant un temps limité	À mon avis, oui, le stress peut être stimulant, mais seulement à petite dose et pendant un temps limité.	Santé P17	Add time boundary.
A256	response	Schémas d'argumentation	a little stress	un peu de stress	un peu de stress	Tout d'abord, un peu de stress peut aider à se concentrer et à agir avec plus d'énergie.	Santé P17	Mild-stress expression.
A257	response	Schémas d'argumentation	regain a healthier balance	retrouver un équilibre plus sain	retrouver un équilibre plus sain	En revanche, des moments de repos réguliers et une bonne hygiène de vie permettent de retrouver un équilibre plus sain.	Santé P17	Recovery phrase.
A258	response	Schémas d'argumentation	reduce other essential activities	réduire d'autres activités essentielles	réduit d'autres activités essentielles	Tout d'abord, un usage excessif des jeux vidéo favorise la sédentarité et réduit d'autres activités essentielles.	Santé P19	Explain opportunity cost.
A259	response	Schémas d'argumentation	clear rules and suitable choices	des règles claires et des choix adaptés	des règles claires et des choix adaptés	Au contraire, avec des règles claires et des choix adaptés, l'impact peut être beaucoup plus limité.	Santé P19	Parental-control frame.
A260	response	Schémas d'argumentation	the role of parents	le rôle des parents	le rôle des parents	Cela permet de comprendre que le rôle des parents et la qualité du contenu sont essentiels.	Santé P19; Famille P1; Santé P2; Santé P8; Technologie P16	Responsibility phrase.
A261	response	Schémas d'argumentation	cover essential needs	couvrir les besoins essentiels	couvrir les besoins essentiels	À mon avis, il n'est pas nécessaire de gagner beaucoup d'argent, mais il faut au moins un revenu qui permette de couvrir les besoins essentiels.	Santé P20	State necessity.
A262	shared	Schémas d'argumentation	a basic condition	une condition de base	une condition de base	Cela montre qu'un revenu suffisant est une condition de base pour pouvoir vivre correctement.	Santé P20; Education P5	Minimum threshold.
A263	response	Schémas d'argumentation	beyond a certain income level	au-delà d'un certain niveau de revenu	au-delà d'un certain niveau de revenu	En effet, au-delà d'un certain niveau de revenu, ce qui fait vraiment la différence, c'est la santé, la qualité des liens humains, le temps libre et l'équilibre entre vie professionnelle et vie personnelle.	Santé P20; Economie P18	Mark threshold effect.
A264	response	Schémas d'argumentation	the quality of human ties	la qualité des liens humains	la qualité des liens humains	En effet, au-delà d'un certain niveau de revenu, ce qui fait vraiment la différence, c'est la santé, la qualité des liens humains, le temps libre et l'équilibre entre vie professionnelle et vie personnelle.	Santé P20	Non-material factor.
A265	response	Schémas d'argumentation	distinguish essentials from extras	distinguer l'essentiel du superflu	distinguer l'essentiel du superflu	Quelqu'un qui sait distinguer l'essentiel du superflu peut très bien vivre correctement avec un revenu raisonnable.	Santé P20	Consumption advice.
A266	response	Schémas d'argumentation	make daily life easier	faciliter la vie quotidienne	faciliter la vie quotidienne	À mon avis, non, un bon salaire n'est pas une condition du bonheur, même s'il peut faciliter la vie quotidienne.	Santé P22	Admit practical benefit.
A267	response	Schémas d'argumentation	not negligible	ne pas être négligeable	n'est pas négligeable	Cela montre que l'argent n'est pas négligeable et qu'il joue un vrai rôle dans la qualité de vie.	Santé P22	Avoid dismissing money.
A268	response	Schémas d'argumentation	in line with one's values	en accord avec ses valeurs	accord avec leurs valeurs	Par exemple, beaucoup de personnes qui décident de changer de vie pour un travail moins payé mais plus en accord avec leurs valeurs disent ensuite avoir gagné en qualité de vie.	Santé P22	Adapt possessive.
A269	response	Schémas d'argumentation	genuinely save lives	sauver vraiment des vies	sauvent vraiment des vies	Cela montre qu'il y a des situations dans lesquelles les médicaments sauvent vraiment des vies.	Santé P23	Strong pro-medicine point.
A270	response	Santé	actively influence one's health	influencer activement sa santé	influencer activement sa santé	Cela permet de comprendre qu'on peut influencer activement sa santé sans tout attendre des médicaments.	Santé P23	Agency phrase.
A271	response	Schémas d'argumentation	serve many purposes	servir à beaucoup de choses	sert à beaucoup de choses	D'abord, parce qu'il sert à beaucoup de choses : communiquer, se repérer et gérer de nombreuses démarches.	Technologie P2	Introduce practical functions
A272	response	Schémas d'argumentation	sources suited to one's needs	des sources adaptées à ses besoins	des sources adaptées à ses besoins	Enfin, parce que l'essentiel est de choisir des sources adaptées à ses besoins plutôt que de regarder la télévision par habitude.	Technologie P3	Use for personalization
A273	response	Technologie et médias	Internet is a neutral tool	Internet est un outil neutre	Internet est un outil neutre	En effet, Internet est un outil neutre.	Technologie P4	Use for balanced tech claims
A274	response	Schémas d'argumentation	a way to protect oneself	un moyen de se protéger	un moyen de se protéger	En revanche, choisir d'éviter ces formats peut être un moyen de se protéger pour préserver son équilibre.	Technologie P5	Justify avoidance
A275	response	Schémas d'argumentation	a particularly practical format	un format particulièrement pratique	un format particulièrement pratique	Pour des personnes qui n'ont pas le temps de lire la presse en détail, c'est un format particulièrement pratique.	Technologie P6	Use for accessibility
A276	shared	Schémas d'argumentation	Images make information more concrete	Les images rendent l'information plus concrète	Les images rendent l'information plus concrète	Les images rendent l'information plus concrète, à condition qu'elles soient accompagnées d'explications claires.	Technologie P6	Explains the power of images to clarify information.
A277	shared	Schémas d'argumentation	have a special strength compared with	avoir une force particulière par rapport à [qch]	force particulière par rapport aux médias	Cela permet de comprendre que la télévision a encore une force particulière par rapport aux médias purement écrits.	Technologie P6	TV-versus-media frame
A278	response	Schémas d'argumentation	depend on the goal pursued	dépendre de l'objectif poursuivi	dépend surtout de l'objectif poursuivi	Ensuite, parce que leur valeur dépend surtout de l'objectif poursuivi et du temps qu'on y consacre.	Technologie P10	Link value to purpose
A279	shared	Schémas d'argumentation	make much better use of something	tirer bien mieux profit de [qch]	tire bien mieux profit	Par exemple, une personne qui se fixe quelques minutes par jour pour consulter des contenus précis tire bien mieux profit des réseaux sociaux que celle qui les ouvre dès qu'elle a un moment libre.	Technologie P10	Productive-use phrase
A280	response	Schémas d'argumentation	depend on the person's profile	dépendre du profil de la personne	du profil de la personne	Enfin, parce que la possibilité de vivre sans téléphone dépend beaucoup du profil de la personne et de son environnement.	Technologie P11	Context-dependent argument
A281	response	Schémas d'argumentation	replace most functions	remplacer la plupart des fonctions	remplacer la plupart des fonctions	En effet, on peut remplacer la plupart des fonctions du téléphone portable par d'autres solutions : un ordinateur à la maison pour Internet, un téléphone fixe pour les appels, un calendrier papier, des cartes physiques et certaines démarches faites en personne ou par courrier.	Technologie P11	Alternative-solution frame
A282	response	Schémas d'argumentation	have special meaning	avoir une signification particulière	une signification particulière	L'effort, le temps, l'écriture, le choix du papier, tout cela a une signification particulière.	Technologie P12	Explain personal value
A283	response	Technologie et médias	not depend on any technology	ne dépendre d'aucune technologie	elle ne dépend d'aucune technologie	Enfin, je pense que la lettre manuscrite garde un avantage que le numérique n'a pas : elle ne dépend d'aucune technologie et traverse le temps.	Technologie P12	Independence argument.
A284	response	Schémas d'argumentation	organize daily life better	mieux organiser la vie quotidienne	mieux organiser la vie quotidienne	Ensuite, parce qu'ils permettent de rester en contact malgré la distance et de mieux organiser la vie quotidienne.	Technologie P13	Practical-life benefit
A285	response	Schémas d'argumentation	send someone a message	envoyer un message à [qqn]	lui envoyer un message	En effet, en quelques secondes, on peut appeler quelqu'un, lui envoyer un message, lui partager une information ou une photo.	Technologie P13	Replace pronoun with slot
A286	response	Schémas d'argumentation	no need to wait	plus besoin d'attendre	Plus besoin d'attendre	Plus besoin d'attendre d'être à la maison ou au bureau pour communiquer.	Technologie P13	Short efficiency frame
A287	response	Schémas d'argumentation	enjoy time with one's family	profiter de sa famille	profiter de leur famille	Par exemple, certaines personnes coupent volontairement leurs écrans le week-end pour mieux profiter de leur famille et de leurs activités personnelles.	Technologie P15	Personal-life benefit.
A288	response	Schémas d'argumentation	distinguish the truly useful tools	distinguer les outils vraiment utiles	distinguer les outils vraiment utiles	Ensuite, je pense que le vrai enjeu n'est pas de tout refuser, mais de distinguer les outils vraiment utiles de ceux qui créent surtout de la dépendance.	Technologie P15	For balanced evaluations.
A289	shared	Schémas d'argumentation	a middle way between...	une voie intermédiaire entre […] et […]	une voie intermédiaire entre	Cela permet de comprendre qu'il existe une voie intermédiaire entre le tout-numérique et le rejet total.	Technologie P15	Useful compromise frame.
A290	response	Schémas d'argumentation	strictly frame this use	encadrer très strictement cet usage	encadrer très strictement cet usage	À mon avis, il vaut mieux encadrer très strictement cet usage que l'interdire de façon absolue dans tous les cas.	Technologie P16	Prefer over absolute bans.
A291	response	Schémas d'argumentation	be introduced gradually	être introduit progressivement	être introduit progressivement	Je pense d'abord que chez les enfants, le téléphone portable doit être introduit progressivement selon l'âge et la maturité.	Technologie P16	For staged access.
A292	response	Schémas d'argumentation	parents need to explain the rules clearly	il faut que les parents expliquent clairement les règles	il faut que les parents expliquent clairement les règles	En effet, il faut que les parents expliquent clairement les règles : pas de téléphone à table ou dans la chambre la nuit, temps d'écran limité et applications choisies ensemble.	Technologie P16	Direct recommendation using falloir que + subjunctive.
A293	response	Schémas d'argumentation	costs too much	coûter trop cher	coûtent trop cher	À mon avis, les voyages dans l'espace coûtent trop cher au regard des besoins actuels de la société.	Technologie P17	Cost objection.
A294	response	Schémas d'argumentation	the sums involved are huge	les sommes engagées sont énormes	les sommes engagées sont énormes	D'abord, parce que les sommes engagées sont énormes face aux urgences sociales et environnementales.	Technologie P17	Emphasizes scale.
A295	shared	Schémas d'argumentation	without leaving home	sans bouger de chez soi	sans bouger de chez soi	En effet, en quelques minutes, on peut chercher un produit, lire des avis, comparer plusieurs vendeurs et finaliser sa commande sans bouger de chez soi.	Technologie P18; Culture P14	Convenience detail.
A296	response	Schémas d'argumentation	support local shops	soutenir les commerces locaux	soutenir les commerces locaux	En effet, aller dans un commerce de proximité, échanger avec un vendeur, demander conseil et soutenir les commerces locaux a aussi une vraie valeur sociale et économique.	Technologie P18	Community argument.
A297	response	Schémas d'argumentation	within a clear framework	dans un cadre clair	dans un cadre clair	À mon avis, oui, ils peuvent y participer de façon positive, mais seulement dans un cadre clair.	Technologie P19	Condition for benefits.
A298	response	Schémas d'argumentation	develop logic and coordination	développer la logique et la coordination	développer la logique, la coordination	D'abord, parce que certains jeux peuvent réellement développer la logique, la coordination et la rapidité de réaction.	Technologie P19	Cognitive benefit.
A299	response	Schémas d'argumentation	a real educational contribution	un véritable apport éducatif	un véritable apport éducatif	Cela montre qu'un bon jeu peut avoir un véritable apport éducatif.	Technologie P19	Positive evaluation.
A300	response	Schémas d'argumentation	has real advantages	présente de vrais avantages	présente de vrais avantages	Ensuite, je pense que vivre sans voiture présente de vrais avantages, à la fois pour le porte-monnaie et pour l'environnement.	Technologie P20	Introduce benefits.
A301	shared	Schémas d'argumentation	keep a critical mindset	garder un esprit critique	garder un esprit critique	Ensuite, parce qu'il me permet de croiser facilement plusieurs sources et donc de garder un esprit critique.	Technologie P21; Technologie P6; Technologie P10	Evaluation skill.
A302	response	Schémas d'argumentation	cover many more topics	couvrir beaucoup plus de sujets	couvrir beaucoup plus de sujets	Cela montre qu'Internet me permet de couvrir beaucoup plus de sujets en peu de temps.	Technologie P21	Breadth argument.
A303	response	Schémas d'argumentation	cross-check several sources more easily	croiser plus facilement plusieurs sources	croiser plus facilement plusieurs sources	Ensuite, je pense qu'Internet me permet aussi de croiser plus facilement plusieurs sources et donc de garder davantage d'esprit critique.	Technologie P21	Critical method.
A304	response	Schémas d'argumentation	freely choose the time and duration	choisir librement le moment et la durée	choisir librement le moment et la durée	Contrairement à la télévision ou à la radio, Internet s'adapte à mon rythme, à condition que je puisse choisir librement le moment et la durée.	Technologie P21	Expresses control over when and how long an activity lasts.
A305	response	Schémas d'argumentation	choose my pace	choisir mon rythme	choisir mon rythme	Personnellement, je préfère Internet, parce qu'il me permet de choisir mon rythme et de comparer facilement plusieurs sources.	Technologie P24	Personal preference reason.
A306	response	Schémas d'argumentation	according to my needs	selon mes besoins	selon mes besoins	D'abord, parce qu'il me permet d'accéder rapidement à des informations variées selon mes besoins.	Technologie P24	Need-based use.
A307	response	Schémas d'argumentation	go from a quick summary to...	passer d'un résumé rapide à […]	passer facilement d'un résumé rapide	Ensuite, parce que je peux passer facilement d'un résumé rapide à un contenu plus détaillé quand un sujet m'intéresse vraiment.	Technologie P24	Depth progression.
A308	response	Schémas d'argumentation	more detailed content	un contenu plus détaillé	un contenu plus détaillé	Ensuite, parce que je peux passer facilement d'un résumé rapide à un contenu plus détaillé quand un sujet m'intéresse vraiment.	Technologie P24	Information depth.
A309	response	Schémas d'argumentation	different levels of need	différents niveaux de besoin	différents niveaux de besoin	Cela permet de comprendre qu'Internet correspond très bien à différents niveaux de besoin.	Technologie P24	Adaptability phrase.
A310	response	Schémas d'argumentation	make daily life easier in practice	faciliter concrètement la vie quotidienne	facilite concrètement la vie quotidienne	Cela montre que la ville facilite concrètement la vie quotidienne, surtout quand l'autonomie diminue.	Santé P14	Show practical benefit.
S21	response	Structurer et prendre position	build a true personal culture	construire une vraie culture personnelle	construire une vraie culture personnelle	Cela permet de construire une vraie culture personnelle, qui reste utile sur le long terme et qui ne dépend pas d'une connexion ou d'un algorithme.	Culture P6	Construire works with abstract nouns.
S22	response	Structurer et prendre position	the value of the work done	la valeur du travail accompli	la valeur du travail accompli	Leur précarité est un vrai problème, mais cela ne change rien à la valeur du travail accompli.	Culture P7	Travail accompli = completed work.
S23	shared	Structurer et prendre position	provided they are trusted	à condition qu'on leur fasse confiance	à condition qu'on leur fasse confiance	Par exemple, un grand-parent qui passe régulièrement du temps avec ses petits-enfants ou un retraité engagé dans une association décrit souvent des jeunes motivés, créatifs et capables d'engagement, à condition qu'on leur fasse confiance.	Culture P8; Culture P2	À condition que + subjunctive.
S24	response	Structurer et prendre position	well-chosen television can play an educational role	jouer un vrai rôle éducatif	jouer un vrai rôle éducatif	Cela montre que la télévision, bien choisie, peut jouer un vrai rôle éducatif.	Culture P12	Educational close
S25	response	Structurer et prendre position	the use, not the medium itself	pas du support lui-même	pas du support lui-même	Mais cela vient de la manière de l'utiliser, pas du support lui-même.	Culture P12	Use lui-même to shift blame away from the medium.
S26	response	Éducation et apprentissage	they absolutely must remain in schools	doivent absolument rester à l'école	doivent absolument rester à l'école	En conclusion, je pense que les matières culturelles doivent absolument rester à l'école, parce qu'elles développent l'expression et l'esprit critique, ouvrent à d'autres cultures et peuvent révéler de vrais talents.	Culture P13	Use absolument to make a firm recommendation.
S27	response	Structurer et prendre position	part of a complete education	font partie d'une éducation complète	font partie d'une éducation complète	Loin d'être une perte de temps, elles font partie d'une éducation complète.	Culture P13	Faire partie de frames something as essential.
S28	response	Structurer et prendre position	combine these different resources	combiner ces différentes ressources	combiner ces différentes ressources	Le voyage garde donc une vraie valeur ; mais comme il n'est pas accessible à tout le monde, l'idéal reste de combiner ces différentes ressources.	Culture P14; Culture P6	Synthesis
S29	response	Structurer et prendre position	it is not the only gateway	il n'est pas la seule porte d'entrée	il n'est pas la seule porte d'entrée	Le voyage apporte une dimension directe que rien ne remplace totalement, mais il n'est pas la seule porte d'entrée vers les autres cultures.	Culture P14	Porte d'entrée means an entry point into a culture/topic.
S30	response	Structurer et prendre position	an important gateway	une porte d'entrée importante	une porte d'entrée importante	Elle est donc une porte d'entrée importante, mais elle doit être complétée par d'autres formes de découverte pour vraiment connaître un pays.	Culture P15	Use porte d'entrée for a first access route.
S31	response	Structurer et prendre position	must be complemented by other forms	complétée par d'autres formes de découverte	complétée par d'autres formes de découverte	Elle est donc une porte d'entrée importante, mais elle doit être complétée par d'autres formes de découverte pour vraiment connaître un pays.	Culture P15	Use être complété par to add necessary support.
S32	response	Structurer et prendre position	do not completely replace	ne remplacent pas complètement	ne remplacent pas complètement	Les outils numériques sont très utiles, mais ils ne remplacent pas complètement ce que ces lettres apportaient.	Culture P18	Use ne... pas complètement for a nuanced limit.
S33	response	Structurer et prendre position	language remains the key	la langue reste la clé	La langue reste la clé	La langue reste la clé qui ouvre l'accès aux vraies conversations, aux idées et à la vie réelle d'une société.	Culture P19	Rester la clé presents the decisive factor.
S34	response	Structurer et prendre position	an initial but limited knowledge of a country	une première connaissance d'un pays	une première connaissance d'un pays	Cela montre qu'il existe une première connaissance d'un pays sans la langue, mais qu'elle reste forcément limitée et souvent extérieure.	Culture P19	Une première connaissance suggests partial familiarity.
S35	response	Structurer et prendre position	reading remains one of the strongest options	la lecture reste l'une des plus solides	la lecture reste l'une des plus solides	Mais la lecture reste l'une des plus solides, parce qu'elle entraîne la pensée et donne accès à une part de l'héritage culturel que rien d'autre ne remplace vraiment.	Culture P20	Use rester l'un(e) des plus... to rank an option.
S36	response	Structurer et prendre position	a very enriching choice	un choix très enrichissant	un choix très enrichissant	Voyager seul reste donc un choix très enrichissant, mais qui doit correspondre à la personnalité de chacun.	Culture P21	Use choix enrichissant for a personally valuable option.
S37	response	Structurer et prendre position	keep one's culture intact	garder sa culture intacte	garder sa culture intacte	La vraie question n'est donc pas de garder sa culture intacte, mais de choisir ce que l'on veut conserver et transmettre.	Culture P27	Contrast intact vs chosen transmission.
S38	response	Structurer et prendre position	real substantive work	un vrai travail de fond	un vrai travail de fond	Elle doit prouver sa compétence, accepter un vrai travail de fond et se mettre au service de l'intérêt général, comme tout autre responsable politique.	Culture P33	Conclusion on legitimacy.
S39	response	Structurer et prendre position	in a more conscious, measured way	de manière plus consciente et plus mesurée	de manière plus consciente et plus mesurée	Le défi est de garder leurs avantages pratiques tout en apprenant à consommer de manière plus consciente et plus mesurée.	Culture P34	De manière + adjective describes how an action is done.
S40	response	Étranger et immigration	a matter of reception policy	une question de politique d'accueil	une question de politique d'accueil	La richesse de l'immigration est donc en grande partie une question de politique d'accueil.	Culture P35	Concluding policy frame.
S41	response	Structurer et prendre position	a prevention measure	une mesure de prévention	mesure de prévention	Cela montre que, dans ces métiers, la sieste n'est pas un confort mais une véritable mesure de prévention.	Economie P4	Public-health phrasing
S42	response	Structurer et prendre position	recognize the limits of its power	reconnaître les limites de son pouvoir	reconnaître les limites de son pouvoir	Cela oblige l'État à reconnaître les limites de son pouvoir et à accepter qu'une grande partie des choix individuels lui échappera toujours.	Culture P3; Economie P5	Use reconnaître les limites de... before conceding constraints.
S43	response	Structurer et prendre position	a real space of freedom	un véritable espace de liberté	un véritable espace de liberté	Le rôle de l'État n'est donc pas de tout encadrer, mais de fixer des limites raisonnables, de protéger l'intérêt général et de laisser aux citoyens, aux associations et aux entreprises un véritable espace de liberté.	Culture P3; Economie P5	Balance rules and freedom
S44	response	Structurer et prendre position	the first difficulty is structural	la première difficulté est structurelle	la première difficulté est structurelle	Cela montre que la première difficulté est structurelle : on demande aux jeunes ce qu'ils ne peuvent pas encore avoir.	Economie P10	Names systemic barrier
S45	response	Structurer et prendre position	access to opportunities	l'accès aux opportunités	l'accès aux opportunités	Cela permet de comprendre que la difficulté ne vient pas seulement des compétences, mais aussi de l'accès aux opportunités.	Economie P10	Opportunity barrier
S46	response	Structurer et prendre position	a lasting job	un emploi durable	un emploi durable	Cela montre que la difficulté n'est pas seulement de trouver un emploi, mais aussi de trouver un emploi durable.	Economie P10; Education P12; Economie P9	Stable-work expression
S47	response	Structurer et prendre position	departures imposed by circumstances	des départs imposés par les circonstances	départs imposés par les circonstances	Le départ vraiment libre existe, mais il reste minoritaire par rapport aux départs imposés par les circonstances.	Economie P14	Final forced-choice frame
S48	response	Structurer et prendre position	the first difficulty is administrative	la première difficulté est administrative	la première difficulté est administrative	Cela montre que la première difficulté est administrative, avant même la question de l'emploi.	Economie P15	Use la première difficulté est... to rank obstacles.
S49	response	Structurer et prendre position	a real effort to adapt personally	un vrai effort d'adaptation personnelle	un vrai effort d'adaptation personnelle	Cela permet de comprendre que partir travailler ailleurs demande aussi un vrai effort d'adaptation personnelle.	Economie P15	Effort d'adaptation names the work of adjusting.
S50	response	Structurer et prendre position	land-use planning tool	un outil d'aménagement du territoire	outil d'aménagement du territoire	Cela permet de comprendre que le tourisme peut servir d'outil d'aménagement du territoire.	Economie P16	Policy synthesis phrase
S51	shared	Structurer et prendre position	benefits that go well beyond...	des bénéfices qui dépassent largement […]	des bénéfices qui dépassent largement	Cela montre que le tourisme apporte des bénéfices qui dépassent largement la simple dépense des visiteurs.	Economie P16	Dépasser largement introduces wider effects.
S52	response	Structurer et prendre position	quality of management	la qualité du management	la qualité du management	Cela montre que le vrai critère de jugement est la qualité du management, pas l'identité de genre.	Economie P17	Evaluation criterion
S53	response	Travail et économie	the company's interest	l'intérêt de l'entreprise	l'intérêt de l'entreprise	Cela montre que juger un responsable sur son sexe est à la fois injuste et contraire à l'intérêt de l'entreprise.	Economie P17	Contraire à l'intérêt de... gives a practical objection.
S54	response	Structurer et prendre position	judge each manager individually	juger chaque responsable individuellement	juger chaque responsable individuellement	La bonne approche est de juger chaque responsable individuellement, sur son comportement réel.	Economie P17	Final fairness rule
S55	response	Structurer et prendre position	wage recognition	la reconnaissance salariale	la reconnaissance salariale	Cela montre qu'il existe un vrai décalage entre l'utilité sociale et la reconnaissance salariale, et il serait juste que ce décalage soit progressivement corrigé.	Economie P20	Pay-recognition phrase
S56	response	Structurer et prendre position	real injustices between effort and pay	de vraies injustices entre l'effort fourni et la rémunération réelle	de vraies injustices entre l'effort fourni et la rémunération réelle	Le salaire dépend surtout de la rareté des compétences et du marché, ce qui crée parfois de vraies injustices entre l'effort fourni et la rémunération réelle.	Economie P20	Use entre X et Y to compare effort with reward.
S57	response	Structurer et prendre position	a real social effect	un vrai effet social	un vrai effet social	Cela montre que cette mesure aurait un vrai effet social, surtout pour les ménages les plus fragiles.	Economie P22	Summarize social benefit
S58	response	Environnement et transports	real environmental interest	un vrai intérêt environnemental	un vrai intérêt environnemental	Cela permet de comprendre que cette mesure a aussi un vrai intérêt environnemental.	Economie P22	Benefit summary
S59	response	Structurer et prendre position	coordinated action by the state	l'action coordonnée de l'État	l'action coordonnée de l'État	Cette mission demande l'action coordonnée de l'État, des entreprises, des citoyens et du tissu associatif.	Economie P23	Final shared model
S60	response	Structurer et prendre position	take on its fullest meaning	prendre le plus de sens	prend le plus de sens	C'est dans cette forme d'engagement que la solidarité prend le plus de sens.	Education P10	Prendre sens means becoming meaningful in context.
S61	response	Structurer et prendre position	clear, fair and consistently enforced rules	des règles claires, justes et appliquées	des règles claires, justes et appliquées	Le bon équilibre repose donc sur des règles claires, justes et appliquées de la même manière pour tous.	Education P17	Legal-balance phrase.
S62	response	Structurer et prendre position	value other pathways	valoriser les autres parcours	valoriser les autres parcours	Il faut donc garder l'université ouverte, mais aussi valoriser les autres parcours, sans hiérarchie excessive.	Education P20	Nuanced conclusion.
S63	response	Éducation et apprentissage	attitude toward work	une attitude face au travail	une attitude face au travail	Cela permet de comprendre que les notes ne sont pas seulement un chiffre : elles construisent aussi une attitude face au travail.	Education P21	Synthesis phrase.
S64	response	Structurer et prendre position	make learning more effective	renforcer l'efficacité des apprentissages	renforcent vraiment l'efficacité des apprentissages	Cela montre que les sorties pédagogiques renforcent vraiment l'efficacité des apprentissages.	Education P23	Renforcer l'efficacité de... means improve effectiveness.
S65	response	Structurer et prendre position	a question of context	une question de contexte	une question de contexte	C'est donc une question de contexte, pas une vérité générale.	Environnement P5	Nuanced conclusion.
S66	response	Structurer et prendre position	a gradual and targeted ban	une interdiction progressive et ciblée	une interdiction progressive et ciblée	Enfin, parce qu'une interdiction totale et brutale serait injuste sans transports publics performants : il faut donc préférer une interdiction progressive et ciblée.	Environnement P8	Practical policy compromise.
S67	response	Structurer et prendre position	clear public support	un soutien public clair	un soutien public clair	Il faut donc un soutien public clair et une attention aux prix.	Environnement P13	Policy support conclusion.
S68	response	Structurer et prendre position	organization makes the difference	l'organisation fait la différence	l'organisation qui fait la différence	Cela montre que travailler en famille n'est pas une mauvaise idée en soi : c'est surtout l'organisation qui fait la différence.	Famille P7	Final criterion.
S69	response	Structurer et prendre position	sincerity of the bond	la sincérité du lien	la sincérité du lien	L'important n'est donc pas le nombre, mais la sincérité du lien.	Famille P9	Key criterion.
S70	response	Structurer et prendre position	quality of organization	la qualité de l'organisation	la qualité de l'organisation	Cela montre que la difficulté n'est pas dans la cohabitation elle-même, mais dans la qualité de l'organisation.	Famille P11	Key criterion.
S71	response	Structurer et prendre position	between firmness and listening	entre la fermeté et l'écoute	entre la fermeté et l'écoute	L'équilibre est à chercher entre la fermeté et l'écoute.	Famille P12	Balanced authority.
S72	response	Structurer et prendre position	strong identity link	un lien identitaire fort	un lien identitaire fort	Cela montre que la langue maternelle n'est pas seulement un outil de communication : c'est aussi un lien identitaire fort.	Famille P13	Synthesis phrase.
S73	response	Structurer et prendre position	an act of respect	un acte de respect	un acte de respect	Cela montre que partager les tâches n'est pas seulement pratique, c'est aussi un acte de respect.	Famille P14	Synthesis phrase.
S74	response	Structurer et prendre position	protect household balance	protéger l'équilibre du foyer	protéger l'équilibre du foyer	Cela montre qu'organiser les tâches, c'est aussi protéger l'équilibre du foyer.	Famille P14	Organizing purpose.
S75	response	Structurer et prendre position	for a limited period	pour une période limitée	pour une période limitée	En conclusion, je dirais que travailler et étudier en même temps est vraiment difficile, même si cela peut être faisable dans de bonnes conditions et pour une période limitée.	Santé P3	Qualify feasibility over time.
S76	response	Structurer et prendre position	feed everyone better	mieux nourrir tout le monde	mieux nourrir tout le monde	L'enjeu n'est pas d'opposer bio et non bio, mais de mieux nourrir tout le monde.	Santé P7	Social conclusion for food access.
S77	response	Structurer et prendre position	with intelligence and flexibility	avec intelligence et souplesse	avec intelligence et souplesse	En conclusion, je dirais qu'il vaut mieux encourager les enfants à faire du sport avec intelligence et souplesse plutôt que les obliger de façon automatique.	Santé P8	Balanced final tone.
S78	response	Structurer et prendre position	more useful than a blanket ban	plus utile qu'une interdiction de principe	plus utiles qu'une interdiction de principe	La régulation, la prévention et l'éducation, combinées, sont plus utiles qu'une interdiction de principe.	Santé P10	Interdiction de principe means a blanket ideological ban.
S79	response	Structurer et prendre position	a minimum threshold to reach	un seuil minimum à atteindre	un seuil minimum à atteindre	Il y a donc un seuil minimum à atteindre pour pouvoir vraiment penser à autre chose qu'à l'argent.	Santé P22	Nuanced conclusion.
S80	response	Structurer et prendre position	choose one's media consciously	choisir consciemment ses médias	choisir consciemment ses médias	Le vrai enjeu est de choisir consciemment ses médias, quels qu'ils soient.	Technologie P3	Strong media conclusion
S81	response	Structurer et prendre position	continue staying informed in other ways	continuer à s'informer autrement	continuer à s'informer autrement	À mon avis, je comprends ce choix, même si je pense qu'il reste important de continuer à s'informer autrement.	Technologie P5	Autrement means by other means, not total withdrawal.
S82	response	Structurer et prendre position	stay informed without burning out	rester informé, sans s'épuiser	rester informé, sans s'épuiser	L'essentiel est de rester informé, sans s'épuiser.	Technologie P5	Compact final balance
S83	response	Structurer et prendre position	be supplemented by other sources	être complété par d'autres sources	complétés par d'autres sources	Enfin, parce qu'ils doivent quand même être complétés par d'autres sources pour approfondir et garder un esprit critique.	Technologie P6	Information-literacy advice
S84	response	Structurer et prendre position	be organized around a tool	être organisé autour de [qch]	organisée autour de cet outil	Cela montre que la société actuelle est largement organisée autour de cet outil.	Technologie P11	Society-level synthesis
S85	response	Structurer et prendre position	better control one's use	mieux contrôler son usage	mieux contrôler leur usage	Pour beaucoup de personnes, l'enjeu réaliste est plutôt de mieux contrôler leur usage que de renoncer entièrement à cet outil.	Technologie P11	Mieux + infinitive expresses a more realistic goal.
S86	response	Structurer et prendre position	change function, not disappear	changer de fonction sans disparaître	Elles ont changé de fonction, mais n'ont pas totalement disparu	Elles ont changé de fonction, mais n'ont pas totalement disparu.	Technologie P12	Final synthesis
S87	response	Structurer et prendre position	technology does not replace listening	ne pas remplacer l'écoute	ne remplace pas l'écoute	La technologie aide, mais ne remplace pas l'écoute.	Technologie P13	Balanced final sentence
S88	shared	Structurer et prendre position	balance is more useful	l'équilibre est plus utile que […]	L'équilibre est plus utile que le rejet	L'équilibre est plus utile que le rejet.	Technologie P15	Compact final judgment.
S89	response	Structurer et prendre position	neither an absolute evil	ni un mal absolu	ni un mal absolu	Ce ne sont ni un mal absolu, ni une solution éducative en soi.	Technologie P19	Avoids extremes.
T20	response	Technologie et médias	consume a particular medium	consommer ce média en particulier	consommer ce média en particulier	D'abord, parce que personne n'est obligé de consommer ce média en particulier.	Technologie P3	Media-consumption phrase
T21	response	Technologie et médias	too focused on sensationalism	trop centré sur le spectaculaire	trop centrés sur le spectaculaire	En effet, certaines personnes trouvent les programmes peu intéressants, trop centrés sur le spectaculaire, ou simplement chronophages.	Technologie P3; Technologie P5; Technologie P6	Media-critique adjective
T22	response	Technologie et médias	find programs uninteresting	trouver [qch] peu intéressant	trouvent les programmes peu intéressants	En effet, certaines personnes trouvent les programmes peu intéressants, trop centrés sur le spectaculaire, ou simplement chronophages.	Technologie P3	Soft negative evaluation
T23	response	Technologie et médias	hundreds of notifications	des centaines de notifications	de centaines de notifications	Le sentiment de solitude peut alors s'installer, même au milieu de centaines de notifications.	Technologie P4	Digital-life image
T24	response	Technologie et médias	refusal to watch TV news	le refus de regarder les actualités	refus de regarder les actualités	La vraie question est de savoir comment interpréter ce refus de regarder les actualités à la télévision.	Technologie P5	Le refus de + infinitive names a refusal as a noun.
T25	response	Technologie et médias	seem anxiety-inducing or repetitive	paraître anxiogène, répétitif ou trop centré sur le spectaculaire	paraître anxiogènes, répétitifs ou trop centrés sur le spectaculaire	D'abord, parce que ces journaux peuvent paraître anxiogènes, répétitifs ou trop centrés sur le spectaculaire.	Technologie P5	Paraître + adjective softens a media criticism.
T26	response	Technologie et médias	TV news can be tiring	les journaux télévisés peuvent fatiguer	les journaux télévisés peuvent fatiguer	Tout d'abord, on peut très bien comprendre ce refus, parce que les journaux télévisés peuvent fatiguer ou inquiéter.	Technologie P5	Pouvoir + infinitive explains a possible negative effect.
T27	response	Technologie et médias	watch image-based reports	suivre des reportages en images	suivre des reportages en images	En effet, en quelques minutes, on peut voir les sujets principaux du jour, suivre des reportages en images et avoir une vue d'ensemble que d'autres formats ne donnent pas toujours.	Technologie P5	Suivre un reportage means watch/follow a report.
T28	response	Technologie et médias	communicate and share information	communiquer et partager des informations	communiquer, de partager des informations	D'abord, parce qu'ils permettent de communiquer, de partager des informations et de développer certains projets.	Technologie P10	Core social-media functions
T29	response	Technologie et médias	spread information quickly	diffuser rapidement une information	diffuser rapidement une information	Enfin, parce qu'ils jouent aussi un rôle collectif utile, en permettant de diffuser rapidement une information et de s'entraider.	Technologie P10	Collective information role
T30	response	Technologie et médias	in person or by mail	en personne ou par courrier	en personne ou par courrier	En effet, on peut remplacer la plupart des fonctions du téléphone portable par d'autres solutions : un ordinateur à la maison pour Internet, un téléphone fixe pour les appels, un calendrier papier, des cartes physiques et certaines démarches faites en personne ou par courrier.	Technologie P11	Offline-procedure phrase
T31	response	Technologie et médias	reachable all day	être joignable toute la journée	être joignable toute la journée	Par exemple, une personne âgée qui n'utilise jamais Internet et qui voit ses proches en personne peut très bien vivre sans téléphone, alors que ce serait inenvisageable pour quelqu'un qui doit être joignable toute la journée pour son travail.	Technologie P11	Work-availability phrase
T32	response	Technologie et médias	have lost all usefulness today	perdre toute utilité aujourd'hui	perdu toute utilité aujourd'hui	La vraie question est de savoir si les lettres manuscrites ont vraiment perdu toute utilité aujourd'hui.	Technologie P12	Perdre toute utilité states complete obsolescence.
T33	response	Technologie et médias	the speed of digital technology	la rapidité du numérique	la rapidité du numérique	D'abord, parce qu'il est vrai que la rapidité du numérique a remplacé la plupart des échanges écrits.	Technologie P12	Explain replacement
T34	response	Technologie et médias	most written exchanges	la plupart des échanges écrits	la plupart des échanges écrits	D'abord, parce qu'il est vrai que la rapidité du numérique a remplacé la plupart des échanges écrits.	Technologie P12	Communication-domain phrase
T35	response	Technologie et médias	emotional and personal value	une valeur émotionnelle et personnelle	valeur émotionnelle et personnelle	Ensuite, parce que les lettres manuscrites gardent une vraie valeur émotionnelle et personnelle.	Technologie P12	Letter-specific benefit
T36	response	Technologie et médias	durability and independence from technology	une durabilité et une indépendance vis-à-vis de la technologie	une durabilité et une indépendance vis-à-vis de la technologie	Enfin, parce que la lettre offre une durabilité et une indépendance vis-à-vis de la technologie que le numérique n'a pas.	Technologie P12	Vis-à-vis de marks independence from something.
T37	response	Technologie et médias	letters retain their emotional dimension	les lettres gardent leur dimension affective	les lettres gardent leur dimension affective	Il est important que les lettres gardent leur dimension affective, car peu d'outils numériques peuvent vraiment l'égaler.	Technologie P12	Highlights the emotional value preserved by letters.
T38	response	Technologie et médias	better quality of exchange	une meilleure qualité d'échange	une meilleure qualité d'échange	À mon avis, oui, je suis d'accord, même si cette facilité ne garantit pas automatiquement une meilleure qualité d'échange.	Technologie P13	Distinguish quality from speed
T39	response	Technologie et médias	make communication much easier	faciliter énormément la communication	facilitent énormément la communication	À mon avis, il est clair que les téléphones portables facilitent énormément la communication.	Technologie P13	General agreement phrase
T40	response	Technologie et médias	keep a regular bond	garder un lien régulier	garder un lien régulier	En effet, quand la famille ou les amis vivent loin, le téléphone permet de garder un lien régulier grâce aux appels, aux messages et même aux appels vidéo.	Technologie P13	Long-distance relationship phrase
T41	response	Technologie et médias	live with less technology	vivre avec moins de technologie	vivre avec moins de technologie	Tout d'abord, on peut très bien comprendre que certaines personnes veuillent vivre avec moins de technologie pour protéger leur qualité de vie.	Technologie P15	Topic frame for tech reduction.
T42	response	Technologie et médias	in a hyperconnected society	dans une société hyperconnectée	dans une société hyperconnectée	En effet, dans une société hyperconnectée, beaucoup de personnes ressentent une vraie fatigue : trop de notifications, trop de messages, trop d'informations.	Technologie P15	Sets modern tech context.
T43	response	Technologie et médias	an excessive and useless expense	une dépense excessive et inutile	une dépense excessive et inutile	La vraie question est de savoir si les voyages dans l'espace représentent vraiment une dépense excessive et inutile pour la société.	Technologie P17	Frames the space debate.
T44	response	Technologie et médias	a few very rich tourists	quelques touristes très riches	quelques touristes très riches	En effet, seuls quelques astronautes, et plus récemment quelques touristes très riches, peuvent réellement participer à ces missions.	Technologie P17	Highlights inequality.
T45	response	Technologie et médias	online shopping	les achats en ligne	les achats en ligne	La vraie question est de savoir si les achats en ligne peuvent vraiment remplacer toutes les autres formes d'achat.	Technologie P18	Core topic phrase.
T46	response	Technologie et médias	be seen, tried, or chosen	être vus, essayés ou choisis	être vus, essayés ou choisis	Ensuite, parce qu'ils ne conviennent pas à tous les produits, qui doivent parfois être vus, essayés ou choisis avec un conseil.	Technologie P18	Physical-purchase need.
T47	response	Technologie et médias	the child’s development	le développement de l'enfant	le développement de l'enfant	La vraie question est de savoir si les jeux vidéo peuvent vraiment jouer un rôle positif dans le développement de l'enfant.	Technologie P19	Education topic.
T48	response	Technologie et médias	thinking games	des jeux de réflexion	des jeux de réflexion	En effet, il existe des jeux de réflexion, de stratégie, de construction ou d'aventure qui demandent à l'enfant de planifier, de résoudre des problèmes, de coopérer avec d'autres joueurs ou de mémoriser des informations.	Technologie P19	Example game type.
T49	response	Technologie et médias	consult more specialized sources	consulter des sources plus spécialisées	consulter des sources plus spécialisées	En effet, en quelques clics, je peux comparer ce que disent différents médias sur un même événement, vérifier une information ou consulter des sources plus spécialisées.	Technologie P21	Research depth.
T50	response	Technologie et médias	different points of view	différents points de vue	différents points de vue	Par exemple, lors d'un événement politique important, comparer plusieurs sites d'information permet d'avoir une vue plus complète des différents points de vue.	Technologie P21	Plurality phrase.
T51	response	Technologie et médias	video meetings	les réunions en visioconférence	les réunions en visioconférence	En effet, le télétravail, les réunions en visioconférence, les outils collaboratifs en ligne et le partage de fichiers ont permis à des équipes éloignées géographiquement de travailler ensemble efficacement.	Technologie P22	Visioconférence is the standard term for video meetings.
T52	response	Technologie et médias	file sharing	le partage de fichiers	le partage de fichiers	En effet, le télétravail, les réunions en visioconférence, les outils collaboratifs en ligne et le partage de fichiers ont permis à des équipes éloignées géographiquement de travailler ensemble efficacement.	Technologie P22	Collaboration feature.
T53	response	Technologie et médias	about an international event	sur un événement international	sur un événement international	Par exemple, sur un événement international, lire plusieurs articles venant de différents pays change parfois beaucoup la compréhension du sujet.	Technologie P24	Sur can mean about/on when introducing a topic.
T54	response	Technologie et médias	quick access to varied information	un accès rapide à des informations variées	un accès rapide à des informations très variées	D'abord, parce qu'il me donne un accès rapide à des informations très variées.	Technologie P21	Internet advantage.
T55	response	Technologie et médias	between television, Internet and radio	entre la télévision, Internet et la radio	entre la télévision, Internet et la radio	La vraie question est de savoir quel média je préfère personnellement entre la télévision, Internet et la radio.	Technologie P24	States media choice set.
W20	response	Travail et économie	promote workplace well-being	favoriser le bien-être au travail	favoriser le bien-être au travail	À mon avis, oui, il est très important de favoriser le bien-être au travail.	Economie P6	HR policy phrase
W21	response	Travail et économie	a respectful work environment	un cadre de travail respectueux	un cadre de travail respectueux	À l'opposé, un cadre de travail respectueux permet aux salariés de tenir dans la durée sans s'épuiser.	Economie P6	Positive HR phrase
W22	response	Travail et économie	prior experience	une expérience préalable	une expérience préalable	En effet, beaucoup d'offres d'emploi demandent une expérience préalable, parfois plusieurs années, même pour des postes présentés comme accessibles.	Economie P10	Hiring requirement
W23	response	Travail et économie	leave school/finish one's studies	sortir des études	sort des études	Or, par définition, un jeune qui sort des études n'a pas encore eu le temps d'acquérir cette expérience.	Economie P10	Sortir des études describes the transition after studying.
W24	response	Travail et économie	contacts and recommendations	des contacts, des recommandations	des contacts, des recommandations	En effet, beaucoup d'embauches passent par des contacts, des recommandations ou des stages bien placés, plus que par les annonces publiques.	Economie P10	Hiring-channel phrase
W26	response	Travail et économie	string together internships and short contracts	enchaîner stages et contrats courts	enchaînent stages, contrats courts	En effet, à l'entrée dans la vie active, beaucoup de jeunes enchaînent stages, contrats courts, missions d'intérim ou temps partiels.	Economie P10	Enchaîner X et Y suggests repeated precarious work.
W27	response	Travail et économie	departures abroad	les départs vers l'étranger	départs vers l'étranger	La vraie question est de savoir si la plupart des départs vers l'étranger sont vraiment subis ou s'ils relèvent aussi d'un choix personnel.	Economie P14	Migration topic phrase
W28	response	Travail et économie	lack of future prospects	l'absence de perspectives d'avenir	l'absence de perspectives d'avenir	En effet, dans certains pays, le manque d'emplois, les salaires trop faibles ou l'absence de perspectives d'avenir poussent les gens à chercher une vie meilleure ailleurs.	Economie P14	Push-factor phrase
W29	response	Travail et économie	seek a better life elsewhere	chercher une vie meilleure ailleurs	chercher une vie meilleure ailleurs	En effet, dans certains pays, le manque d'emplois, les salaires trop faibles ou l'absence de perspectives d'avenir poussent les gens à chercher une vie meilleure ailleurs.	Economie P14	Chercher une vie meilleure frames migration motives.
W30	response	Travail et économie	insecurity or lack of future	l'insécurité ou l'absence d'avenir	l'insécurité ou l'absence d'avenir	Ensuite, je pense que d'autres personnes partent pour des raisons encore plus graves, comme l'insécurité ou l'absence d'avenir pour leurs enfants.	Economie P14	Non-economic push factors
W31	response	Travail et économie	direct and indirect jobs	des emplois directs et indirects	des emplois directs et indirects	Cette activité crée aussi des emplois directs et indirects, accessibles à des personnes peu ou très qualifiées.	Economie P16	Employment impact phrase
W32	response	Travail et économie	protection of monuments	la protection des monuments	la protection des monuments	En effet, l'arrivée de visiteurs encourage la protection des monuments, la valorisation des paysages, la promotion de la cuisine et la transmission des traditions locales.	Economie P16	Heritage vocabulary
W33	response	Travail et économie	make clear decisions	prendre des décisions claires	prendre des décisions claires	En effet, un bon responsable doit savoir organiser le travail, écouter son équipe, prendre des décisions claires et gérer les tensions.	Economie P17	Leadership phrase
W34	response	Travail et économie	a form of discrimination	une forme de discrimination	une forme de discrimination	Enfin, je pense que choisir son responsable selon son sexe n'est pas une simple préférence : c'est une forme de discrimination.	Economie P17	Equality vocabulary
W35	response	Travail et économie	enjoy life	profiter de la vie	profiter de la vie	La vraie question est de savoir si l'argent est vraiment indispensable pour profiter de la vie.	Economie P18	Core topic phrase
W36	response	Travail et économie	a good living environment	un bon environnement de vie	un bon environnement de vie	En effet, la santé, le temps libre, les amis, la famille, la confiance ou un bon environnement de vie ne se trouvent pas dans un magasin.	Economie P18	Quality-of-life phrase
W37	response	Travail et économie	quality of relationships	la qualité des relations	la qualité des relations	Au contraire, ce qui continue à compter sur la durée, c'est la qualité des relations, la santé et le sens donné à sa vie.	Economie P18	Non-material value
W38	response	Travail et économie	rarity of skills	la rareté des compétences	la rareté des compétences	Ensuite, parce que le salaire dépend surtout de la rareté des compétences et du pouvoir de négociation, pas de la difficulté.	Economie P20	Labour-market logic
W39	response	Travail et économie	social value of a job	la valeur sociale d'un métier	la valeur sociale d'un métier	Enfin, parce que la valeur sociale d'un métier n'est pas toujours reconnue dans la fiche de paie.	Economie P20	Fairness vocabulary
W40	response	Travail et économie	physically difficult jobs	des métiers physiquement difficiles	métiers physiquement difficiles	Je pense d'abord que beaucoup de métiers physiquement difficiles restent mal payés dans la réalité.	Economie P20	Manual-work phrase
W41	response	Travail et économie	low-income people	les personnes à faibles revenus	les personnes à faibles revenus	Tout d'abord, la gratuité des transports en ville aiderait surtout les personnes à faibles revenus.	Economie P22	Social target group
W42	response	Travail et économie	cost of transport	le coût des transports	le coût des transports	En effet, pour beaucoup de familles modestes, le coût des transports représente une part importante du budget mensuel.	Economie P22	Budget pressure phrase
W43	response	Travail et économie	the whole city	l'ensemble de la ville	l'ensemble de la ville	Enfin, je pense que la gratuité profite à l'ensemble de la ville, et pas seulement à ceux qui prennent les transports.	Economie P22	Broaden beneficiaries
W44	response	Travail et économie	economic and social life	la vie économique et sociale	la vie économique et sociale	Enfin, parce qu'elle rendrait toute la ville plus accessible et soutiendrait la vie économique et sociale locale.	Economie P22	Local vitality phrase
W45	response	Travail et économie	limited and unstable resources	des moyens limités et instables	des moyens limités et instables	Je pense d'abord que les associations et les ONG, malgré leur engagement, ont des moyens limités et instables.	Economie P23	NGO limitation
W46	response	Travail et économie	often depend on donations	dépendre souvent de dons	dépendent souvent de dons	En effet, ces structures dépendent souvent de dons, de subventions ou de bénévoles, ce qui rend leur budget fragile.	Economie P23	Dépendre de + funding source signals fragility.
W47	response	Travail et économie	difficult jobs	les métiers difficiles	les métiers difficiles	À mon avis, non, les métiers difficiles ne sont pas toujours les mieux payés ; le salaire suit d'autres logiques.	Economie P20	Pay debate topic
ED18	response	Éducation et apprentissage	ban phone use	interdire l'usage du téléphone portable	interdire l'usage du téléphone portable	À mon avis, oui, il faut interdire l'usage du téléphone portable à l'école, sauf dans des cas pédagogiques précis.	Education P3	School policy stance.
ED19	response	Éducation et apprentissage	problematic student behavior	des comportements problématiques entre élèves	comportements problématiques entre élèves	Ensuite, parce qu'il favorise certains comportements problématiques entre élèves, comme le harcèlement en ligne.	Education P3	School climate issue.
ED20	response	Éducation et apprentissage	homeschooling	l'instruction à la maison	l'instruction à la maison	La vraie question est de savoir si l'instruction à la maison est une bonne solution comparée à l'école.	Education P4	Topic phrase.
ED21	response	Éducation et apprentissage	child socialization	la socialisation des enfants	la socialisation des enfants	D'abord, parce que l'école est essentielle pour la socialisation des enfants.	Education P4	Education policy term.
ED22	response	Éducation et apprentissage	learning to live together	l'apprentissage du vivre-ensemble	Cet apprentissage du vivre-ensemble	Cet apprentissage du vivre-ensemble est plus difficile à reproduire à la maison, où l'enfant est entouré seulement de quelques personnes.	Education P4	Social learning concept.
ED23	response	Étranger et immigration	an immigration plan for Quebec	un projet d'immigration au Québec	un projet d'immigration au Québec	La vraie question est de savoir quelles sont les trois questions essentielles à se poser avant de lancer un projet d'immigration au Québec.	Education P5	Projet d'immigration frames a planned move abroad.
ED24	response	Étranger et immigration	sufficient French level	un niveau de français suffisant	un niveau de français suffisant	D'abord, ai-je un niveau de français suffisant pour vivre et travailler là-bas ?	Education P5	Language requirement.
ED25	response	Étranger et immigration	official language in Québec	la langue officielle au Québec	la langue officielle au Québec	En effet, le français est la langue officielle au Québec et il est utilisé partout : au travail, dans les démarches administratives, à l'école et dans la vie quotidienne.	Education P5	Contextual language fact.
ED26	response	Étranger et immigration	whether one's profession is recognized	son métier est réellement reconnu	son métier est réellement reconnu	Ensuite, je pense qu'il faut se demander si son métier est réellement reconnu et recherché sur le marché québécois.	Education P5	Être reconnu covers official or market recognition.
ED27	response	Étranger et immigration	equivalence procedure	une procédure d'équivalence parfois longue	une procédure d'équivalence parfois longue	En effet, certains métiers, comme dans la santé, l'ingénierie ou l'éducation, sont strictement réglementés et exigent une procédure d'équivalence parfois longue.	Education P5	Recognition process phrase.
ED28	response	Éducation et apprentissage	real and important role	un rôle réel et important	un rôle réel et important	À mon avis, oui, Internet joue un rôle réel et important dans la solidarité, même s'il ne remplace pas l'aide concrète sur le terrain.	Education P6	State importance.
ED29	response	Éducation et apprentissage	in terms of solidarity	en matière de solidarité	en matière de solidarité	À mon avis, Internet joue un rôle important en matière de solidarité.	Education P6	Topic framing.
ED30	response	Éducation et apprentissage	in case of disaster	en cas de catastrophe	en cas de catastrophe	D'abord, parce qu'il permet d'informer très rapidement un grand nombre de personnes en cas de catastrophe ou d'événement grave.	Education P6	Crisis context.
ED31	response	Éducation et apprentissage	information circulates quickly	l'information circule en quelques minutes	l'information circule en quelques minutes	En effet, dès qu'un événement grave se produit, comme un tremblement de terre, une inondation ou un attentat, l'information circule en quelques minutes sur les sites d'actualité et les réseaux sociaux.	Education P6	Speed of news.
ED32	response	Éducation et apprentissage	raise necessary funds	récolter rapidement les fonds nécessaires	récolter rapidement les fonds nécessaires	Les associations peuvent ainsi récolter rapidement les fonds nécessaires pour intervenir sur le terrain.	Education P6	Fundraising collocation.
ED33	response	Éducation et apprentissage	learn a foreign language	apprendre une langue étrangère	apprendre une langue étrangère	La vraie question est de savoir si apprendre une langue étrangère est réellement difficile pour la plupart des gens.	Education P13; Education P2; Education P19	Language-learning topic.
ED34	response	Éducation et apprentissage	acquire new knowledge	acquérir de nouvelles connaissances	acquérir de nouvelles connaissances	En effet, on associe souvent les études à la jeunesse, mais les adultes restent parfaitement capables d'acquérir de nouvelles connaissances, même très tard.	Education P7	Learning outcome.
ED35	response	Éducation et apprentissage	a diploma-granting program	une formation diplômante	une formation diplômante	Par exemple, beaucoup de personnes en reconversion professionnelle suivent une formation diplômante après plusieurs années de travail, et améliorent réellement leur situation.	Education P7	Formation diplômante means training that leads to a diploma.
ED36	response	Éducation et apprentissage	provide academic support/tutoring	faire du soutien scolaire	en faisant du soutien scolaire	Aider concrètement, par exemple en distribuant des repas, en faisant du soutien scolaire ou en accompagnant des personnes seules, apporte un vrai réconfort.	Education P10	Faire du soutien scolaire means tutoring or homework help.
ED37	response	Éducation et apprentissage	reading books	la lecture de livres	la lecture de livres	La vraie question est de savoir si la lecture de livres est vraiment un bon moyen pour connaître un pays.	Education P14	Topic phrase.
ED38	response	Éducation et apprentissage	get to know a country	connaître un pays	connaître un pays	La vraie question est de savoir si la lecture de livres est vraiment un bon moyen pour connaître un pays.	Education P14; Culture P15; Culture P19	Connaître can mean get to know through study or experience.
ED39	response	Éducation et apprentissage	mentality and daily life	la mentalité et la vie quotidienne	la mentalité et la vie quotidienne	Ensuite, parce qu'elle permet de mieux comprendre la mentalité et la vie quotidienne de ses habitants.	Education P14	Pair society and habits.
ED40	response	Éducation et apprentissage	access information very easily	accéder très facilement à l'information	accéder très facilement à l'information	À mon avis, les téléphones portables permettent d'accéder très facilement à l'information, mais pas toujours à la bonne information.	Education P15	Use with permettre de.
ED41	response	Éducation et apprentissage	varied content	des contenus très variés	des contenus très variés	D'abord, parce qu'ils donnent accès à des contenus très variés, dont beaucoup sont peu fiables.	Education P15	Contenus is plural in French for online material.
ED42	response	Éducation et apprentissage	serious news sites	des sites de presse sérieux	des sites de presse sérieux	En effet, sur un téléphone, on trouve aussi bien des sites de presse sérieux que des blogs, des vidéos ou des publications sur les réseaux sociaux dont l'origine n'est pas vérifiée.	Education P15	Source-quality phrase.
ED43	response	Travail et économie	total wage equality	une égalité totale des salaires	une égalité totale des salaires	La vraie question est de savoir si une égalité totale des salaires dans une entreprise serait juste et réaliste.	Education P16	Salary-policy topic.
ED44	response	Travail et économie	recognition of personal effort	la reconnaissance de l'investissement personnel	reconnaissance de l'investissement personnel	Ensuite, parce qu'une égalité totale supprimerait toute reconnaissance de l'investissement personnel.	Education P16	Reconnaissance de... means reward or acknowledgment.
ED45	response	Travail et économie	difficulty and commitment	la difficulté et l'engagement	la difficulté et l'engagement	En revanche, des salaires différenciés permettent de reconnaître la difficulté et l'engagement propres à chaque fonction.	Education P16	Effort nouns.
ED46	response	Éducation et apprentissage	freedom of expression must have limits	la liberté d'expression doit avoir des limites	la liberté d'expression doit avoir des limites	À mon avis, oui, la liberté d'expression doit avoir des limites claires, même si elle reste un droit fondamental.	Education P17	Devoir avoir des limites states a rights-based boundary.
ED47	response	Éducation et apprentissage	social cohesion	la cohésion de la société	la cohésion de la société	Ce type de discours peut entraîner de vraies conséquences sur la sécurité des gens et sur la cohésion de la société.	Education P17	Society outcome.
ED48	response	Éducation et apprentissage	school's primary mission	la mission première de l'école	la mission première de l'école	La vraie question est de savoir si la mission première de l'école doit se limiter à enseigner le programme scolaire.	Education P18	Education-position phrase.
ED49	response	Éducation et apprentissage	teach the curriculum	enseigner le programme scolaire	enseigner le programme scolaire	La vraie question est de savoir si la mission première de l'école doit se limiter à enseigner le programme scolaire.	Education P18	School-mission phrase.
ED50	response	Éducation et apprentissage	contribute to child development	contribuer au développement de l'enfant	contribuer au développement de l'enfant	À mon avis, la télévision peut contribuer au développement de l'enfant, mais seulement si elle est bien choisie et bien encadrée.	Education P19	Child-development phrase.
ED51	response	Éducation et apprentissage	a tool for interaction and language	un support d'échange et de langage	support d'échange et de langage	Enfin, parce que, regardée avec les parents, elle devient un vrai support d'échange et de langage.	Education P19	Support means a medium/tool, not only physical support.
ED52	response	Éducation et apprentissage	beyond immediate surroundings	au-delà de son environnement immédiat	au-delà de son environnement immédiat	Ensuite, je pense que la télévision permet à l'enfant de découvrir le monde au-delà de son environnement immédiat.	Education P19	Opening phrase.
ED53	response	Éducation et apprentissage	broad access to higher education	un accès large à l'enseignement supérieur	un accès large à l'enseignement supérieur	En effet, sans un accès large à l'enseignement supérieur, seules les familles aisées pourraient envoyer leurs enfants à l'université.	Education P20	Policy phrase.
ED54	response	Éducation et apprentissage	young people from modest backgrounds	des jeunes issus de milieux modestes	des jeunes issus de milieux modestes	En revanche, une université ouverte permet à des jeunes issus de milieux modestes d'accéder à de vraies perspectives.	Education P20	Social-origin phrase.
ED55	response	Éducation et apprentissage	people trained to care or teach	des personnes formées pour soigner, enseigner	de personnes formées pour soigner, enseigner	En effet, une société a besoin de personnes formées pour soigner, enseigner, faire de la recherche, gérer les entreprises ou les services publics.	Education P20	Formé pour + infinitive states professional preparation.
ED56	response	Éducation et apprentissage	a strong school record	un bon dossier scolaire	un bon dossier scolaire	En effet, beaucoup de filières d'études sont sélectives et demandent un bon dossier scolaire pour y entrer.	Education P21	Admissions phrase.
ED57	response	Éducation et apprentissage	more orientation choices	plus de choix d'orientation	plus de choix d'orientation	Par exemple, un élève qui obtient de bons résultats au lycée a généralement plus de choix d'orientation après le bac qu'un élève qui a eu beaucoup de difficultés.	Education P21	Guidance topic.
ED58	response	Éducation et apprentissage	scholarships and internships	des bourses et des stages intéressants	des bourses, des stages intéressants	En effet, un élève ou un étudiant qui réussit bien se fait remarquer : il obtient plus facilement des bourses, des stages intéressants, des lettres de recommandation ou l'appui d'un professeur.	Education P21	Opportunity examples.
ED59	response	Éducation et apprentissage	learn alone	apprendre tout seul	apprendre tout seul	La vraie question est de savoir si Internet permet vraiment d'apprendre tout seul, sans aucun cadre éducatif.	Education P22	Autonomous-learning phrase.
ED60	response	Éducation et apprentissage	without an educational framework	sans aucun cadre éducatif	sans aucun cadre éducatif	La vraie question est de savoir si Internet permet vraiment d'apprendre tout seul, sans aucun cadre éducatif.	Education P22	Framing phrase.
ED61	response	Éducation et apprentissage	a wonderful tool	un outil formidable	un outil formidable	À mon avis, bien qu'Internet soit un outil formidable, il ne permet pas de tout apprendre seul.	Education P22	Positive assessment that can be followed by a limitation.
ED62	response	Éducation et apprentissage	huge amount of resources	une quantité énorme de ressources	une quantité énorme de ressources	Tout d'abord, Internet offre une quantité énorme de ressources qui permettent vraiment d'apprendre seul.	Education P22	Online-abundance phrase.
ED63	response	Éducation et apprentissage	supervised real practice	une vraie pratique encadrée	une vraie pratique encadrée	Enfin, parce que certaines compétences ne s'acquièrent qu'avec un enseignant, un cadre ou une vraie pratique encadrée.	Education P22	Training need.
ED64	response	Éducation et apprentissage	educational outings	les sorties pédagogiques	les sorties pédagogiques	La vraie question est de savoir si les sorties pédagogiques apportent vraiment quelque chose d'important au développement des enfants.	Education P23	Topic phrase.
ED65	response	Éducation et apprentissage	concrete learning	un apprentissage concret	un apprentissage concret	D'abord, parce qu'elles permettent un apprentissage concret, qui complète bien les cours en classe.	Education P23	Learning benefit.
ED66	response	Éducation et apprentissage	the emergence of interest	la naissance de l'intérêt	la naissance de l'intérêt	Cela permet de comprendre que les sorties pédagogiques jouent un vrai rôle dans la naissance de l'intérêt pour la culture et les sciences.	Education P23	Naissance de... names the emergence of a feeling/idea.
I19	response	Travail et économie	the most essential human needs	les besoins humains les plus essentiels	besoins humains les plus essentiels	Tout d'abord, une vraie priorité doit toucher aux besoins humains les plus essentiels, et c'est exactement ce qui caractérise la lutte contre la pauvreté et l'exclusion.	Culture P4	Les plus + adjective marks a superlative.
I20	response	Travail et économie	real and immediate suffering	des souffrances réelles et immédiates	des souffrances réelles et immédiates	Cela permet de répondre à des souffrances réelles et immédiates, et de protéger la dignité de personnes qui n'ont pas le temps d'attendre des solutions de long terme.	Culture P4	Double adjective after noun.
I21	response	Étranger et immigration	achieve one's goals abroad	atteindre ses objectifs à l'étranger	atteindre ses objectifs à l'étranger	À mon avis, oui, il est possible d'atteindre ses objectifs à l'étranger, mais cette réussite n'est jamais automatique : elle dépend de conditions très précises.	Culture P5	Atteindre + objectif.
I22	response	Étranger et immigration	links built locally	les liens construits sur place	liens construits sur place	Enfin, le résultat dépend aussi des liens construits sur place, qui transforment un projet en réalité.	Culture P5; Culture P9	Sur place = locally.
I23	response	Éducation et apprentissage	a very powerful tool	un outil très puissant	un outil très puissant	Tout d'abord, le livre reste un outil très puissant pour développer la réflexion et la concentration.	Culture P6; Culture P20; Technologie P16	Outil works beyond objects.
I24	response	Technologie et médias	in the age of screens	à l'ère des écrans	à l'ère des écrans	Prenons l'exemple d'une personne qui s'installe une heure chaque soir avec un essai exigeant : elle développe une attention longue et profonde, devenue très rare à l'ère des écrans.	Culture P6	À l'ère de = in the age of.
I25	response	Travail et économie	artistic professions	les métiers artistiques	les métiers artistiques	La vraie question est de savoir si les métiers artistiques méritent autant de respect et de reconnaissance que les autres professions.	Culture P7; Culture P13	Métier = profession/trade.
I26	response	Travail et économie	self-questioning	des remises en question	remises en question	En effet, derrière chaque film, chaque concert, chaque tableau ou chaque pièce de théâtre, il y a souvent des années d'efforts, de répétitions, de doutes et de remises en question.	Culture P7	Remise en question = reassessment.
I27	response	Famille et relations	elderly people	les personnes âgées	les personnes âgées	La vraie question est de savoir si les personnes âgées jugent aujourd'hui la jeunesse de manière trop négative.	Culture P8; Famille P3; Education P10; Santé P6; Santé P14; Environnement P1; Environnement P6	Respectful term for seniors.
I28	response	Famille et relations	one's own youth	sa propre jeunesse	leur propre jeunesse	D'abord, elles comparent les jeunes d'aujourd'hui à une image idéalisée de leur propre jeunesse, ce qui est un point de départ injuste.	Culture P8; Culture P2	Propre emphasizes own.
I29	response	Technologie et médias	shared on a loop	partagé en boucle	partagés en boucle	Il suffit de penser aux vidéos de bagarres scolaires ou aux extraits de télé-réalité partagés en boucle : ces images donnent l'impression que tous les jeunes seraient agressifs, alors qu'elles ne représentent qu'une petite minorité.	Culture P2; Culture P8	En boucle = repeatedly.
I30	response	Étranger et immigration	an essential identity marker	un repère identitaire essentiel	un repère identitaire essentiel	D'abord, les traditions sont un repère identitaire essentiel pour la personne elle-même.	Culture P10	Repère = point of reference.
I31	response	Étranger et immigration	the only social circle	le seul cercle social	le seul cercle social	À mon avis, fréquenter des gens de son pays d'origine est normal et même utile, mais cela ne doit pas devenir le seul cercle social.	Culture P11	Cercle social = social circle.
I32	response	Étranger et immigration	create real relationships	créer de vraies relations	créer de vraies relations	À mon avis, créer de vraies relations avec les habitants est presque indispensable pour bien vivre à l'étranger, parce que ce sont ces liens qui rendent l'intégration réelle, durable et humainement satisfaisante.	Culture P24	Use for local integration.
I33	response	Étranger et immigration	cut off from host society	coupé de la société d'accueil	coupé de la société d'accueil	D'abord, sans ces liens, on finit rapidement par se sentir isolé et coupé de la société d'accueil.	Culture P24	Describe social isolation.
I34	response	Étranger et immigration	a sense of belonging that makes life...	un sentiment d'appartenance qui rend […]	un sentiment d'appartenance qui rend	Avec le temps, elles donnent aussi un sentiment d'appartenance qui rend la vie à l'étranger beaucoup plus stable.	Culture P24	Rendre + noun + adjective shows the effect produced.
I35	response	Étranger et immigration	motivations for living abroad	les motivations pour vivre à […]	les motivations pour vivre à l'étranger	À mon avis, les motivations pour vivre à l'étranger sont très diverses, mais elles tournent principalement autour de trois grandes raisons : les opportunités professionnelles, le développement personnel et la recherche d'un meilleur avenir, parfois aussi par nécessité.	Culture P25	Motivations pour + infinitive introduces reasons for a project.
I36	response	Étranger et immigration	in search of better conditions	à la recherche de […]	à la recherche de meilleures conditions	D'abord, beaucoup de personnes partent pour des raisons professionnelles, à la recherche de meilleures conditions de travail ou d'un salaire plus élevé.	Culture P25	Follow with a concrete improvement.
I37	response	Étranger et immigration	linked to self-development	lié au développement de soi	liées au développement de soi	Ensuite, beaucoup de personnes partent à l'étranger pour des raisons plus personnelles, liées au développement de soi.	Culture P25	Connect motives to growth.
I38	response	Étranger et immigration	the search for stability	la recherche de stabilité	la recherche de stabilité	Dans ces cas, la motivation principale n'est pas l'aventure, mais la recherche de stabilité et d'un meilleur avenir familial.	Culture P25	Use for security motives.
I39	response	Étranger et immigration	host country before immigrating	le pays d'accueil avant d'immigrer	le pays d'accueil avant d'immigrer	La vraie question est de savoir si bien connaître le pays d'accueil avant d'immigrer est vraiment important, ou si l'on peut tout apprendre une fois sur place.	Culture P26	Set up immigration preparation.
I40	response	Étranger et immigration	its own administrative procedures	ses propres procédures administratives	ses propres procédures administratives	De plus, chaque pays a ses propres procédures administratives, ses horaires et ses interlocuteurs, et tout prend beaucoup plus de temps quand on découvre ces règles seulement à l'arrivée.	Culture P26	Use for bureaucracy.
I41	response	Étranger et immigration	modify the link with one's culture	modifier le lien avec sa culture	modifier le lien avec sa culture	À mon avis, vivre longtemps à l'étranger peut modifier le lien avec sa culture d'origine, mais sans forcément l'effacer.	Culture P27	Use for identity change.
I42	response	Étranger et immigration	a lot of time and effort	beaucoup de temps et d'efforts	beaucoup de temps et d'efforts	La vraie question est de savoir si l'intégration dans un pays étranger se fait facilement, ou si elle demande au contraire beaucoup de temps et d'efforts.	Culture P30	Integration effort phrase.
I43	response	Technologie et médias	reality TV often has a bad influence	la télé-réalité a souvent une mauvaise influence	la télé-réalité a souvent une mauvaise influence	À mon avis, la télé-réalité a souvent une mauvaise influence sur les jeunes, parce qu'elle valorise des modèles superficiels, banalise des comportements problématiques et touche un public encore en construction.	Culture P31	Avoir une influence sur explains media effects.
I44	response	Environnement et transports	unreflective consumption	une consommation peu réfléchie	une consommation peu réfléchie	À mon avis, les nouvelles habitudes de consommation apportent un certain confort, mais elles posent surtout de vrais problèmes, parce qu'elles encouragent l'excès, l'immédiateté et une consommation peu réfléchie.	Culture P34	Topic phrase.
I45	response	Environnement et transports	waste and overconsumption	le gaspillage et la surconsommation	le gaspillage et la surconsommation	D'abord, l'achat en ligne et la mode rapide encouragent fortement le gaspillage et la surconsommation.	Culture P34	Environmental topic pair.
I46	response	Environnement et transports	our relationship to time	notre rapport au temps	notre rapport au temps	Ensuite, l'accès immédiat à tout transforme notre rapport au temps, à la patience et à la valeur des choses.	Culture P34	Abstract consequence phrase.
I47	response	Environnement et transports	the value of things	la valeur des choses	la valeur des choses	Ensuite, l'accès immédiat à tout transforme notre rapport au temps, à la patience et à la valeur des choses.	Culture P34	Consumption reflection phrase.
I48	response	Environnement et transports	rapid delivery	la livraison rapide	la livraison rapide	En effet, l'achat en ligne, la livraison rapide et la mode très bon marché poussent les gens à acheter beaucoup plus que ce dont ils ont vraiment besoin.	Culture P34	Modern consumption example.
I49	response	Étranger et immigration	a real demographic need	un vrai besoin démographique	un vrai besoin démographique	Enfin, dans beaucoup de pays développés, ils répondent aussi à un vrai besoin démographique lié au vieillissement de la population.	Culture P35	Demography argument phrase.
I50	response	Étranger et immigration	by the sole fact of fame	du seul fait de sa notoriété	du seul fait de sa notoriété	La vraie question est de savoir si une célébrité, du seul fait de sa notoriété, a vraiment sa place dans la politique.	Culture P33	Frame celebrity legitimacy.
I51	response	Étranger et immigration	the host society	la société d'accueil	la société d'accueil	Ensuite, je pense que les immigrés apportent une richesse culturelle qui transforme positivement la société d'accueil.	Culture P35; Culture P1; Culture P10; Culture P11; Culture P24; Culture P30	Accueil marks receiving society.
ED67	shared	Schémas d'argumentation	real regularity	une vraie régularité	une vraie régularité	Tout d'abord, apprendre une langue étrangère demande beaucoup de temps et une vraie régularité.	Education P13; Famille P13	Habit requirement.
A311	response	Schémas d'argumentation	clear rules	des règles claires	des règles claires	Enfin, parce que le rôle des parents est surtout d'accompagner les usages numériques avec des règles claires et du dialogue.	Technologie P16; Culture P3; Famille P1; Famille P7; Famille P11; Famille P12; Famille P14; Education P17; Santé P19; Technologie P22; Environnement P14; Economie P5	Regulation phrase.
A312	response	Schémas d'argumentation	measures taken	les mesures prises	les mesures prises	La vraie question est de savoir si les mesures prises dans mon pays contre la pollution sont vraiment utiles et suffisantes.	Environnement P11	Policy-evaluation opener.
C214	response	Cause, conséquence et évaluation	reach otherwise unreachable goals	des objectifs autrement inaccessibles	des objectifs autrement inaccessibles	Cela permet d'accélérer son parcours, d'atteindre des objectifs autrement inaccessibles et de gagner en maturité personnelle.	Culture P5	Payoff vocabulary.
C215	response	Cause, conséquence et évaluation	leads most often to disappointment	mène le plus souvent à la déception	mène le plus souvent à la déception	En effet, partir sans projet clair, sans connaître la langue et sans ressources suffisantes mène le plus souvent à la déception.	Culture P5	Warns about unprepared departure.
C216	response	Cause, conséquence et évaluation	enriches inner life	enrichit la vie intérieure	enrichit la vie intérieure	Cela enrichit la vie intérieure et donne accès à des émotions, des idées et des cultures que les contenus numériques rapides peinent à transmettre.	Culture P6	Value of literature/culture.
C217	response	Cause, conséquence et évaluation	a commitment equal to, or even greater than…	équivalent, voire supérieur	équivalent, voire supérieur	Cela impose un niveau d'engagement personnel équivalent, voire supérieur, à celui de beaucoup de professions plus reconnues, même si ce travail reste souvent invisible aux yeux du public.	Culture P7	Graded comparison.
C218	response	Travail et économie	turns an artistic calling into a genuine profession	une vocation artistique en véritable métier	une vocation artistique en véritable métier	Cela transforme une vocation artistique en véritable métier, fondé sur des compétences précises et reconnues par les professionnels du secteur.	Culture P7	Legitimising the arts.
C219	response	Cause, conséquence et évaluation	turn the first months into a very demanding period	une période très exigeante	une période très exigeante	Cela transforme les premiers mois à l'étranger en une période très exigeante, où la moindre démarche du quotidien demande un effort important.	Culture P9; Culture P29	Time-frame consequence; verbatim in P9 and P29.
C220	response	Cause, conséquence et évaluation	inevitably brings many changes	entraîne forcément de nombreux changements	entraîne forcément de nombreux changements	En effet, partir vivre à l'étranger entraîne forcément de nombreux changements : nouvelle langue, nouveau travail, nouveaux codes sociaux.	Culture P10	Frames upheaval.
C221	response	Cause, conséquence et évaluation	break the loneliness of the early days	rompre la solitude des débuts	rompre la solitude des débuts	Retrouver des personnes qui parlent sa langue et partagent ses repères permet de rompre la solitude des débuts et d'obtenir une aide concrète pour les premières démarches.	Culture P11	Early-integration collocation.
C222	response	Cause, conséquence et évaluation	the real problem is passive use	mais l'usage passif que l'on peut en faire	mais l'usage passif que l'on peut en faire	Cela montre que le vrai problème n'est pas la télévision en elle-même, mais l'usage passif que l'on peut en faire.	Culture P12	Use-not-object argument.
C223	response	Cause, conséquence et évaluation	long, demanding training	une formation longue et exigeante	une formation longue et exigeante	En effet, les métiers artistiques sont de vrais métiers sérieux, qui demandent une vraie discipline et une formation longue et exigeante.	Culture P13; Culture P7	Legitimises artistic careers.
C224	response	Cause, conséquence et évaluation	cooking is experienced directly	la cuisine s'expérimente directement	la cuisine s'expérimente directement	En effet, contrairement à un livre ou à un cours, la cuisine s'expérimente directement : on goûte, on cuisine, on partage, et l'on se souvient de ce que l'on a ressenti.	Culture P15	Experiential-learning argument.
C225	response	Cause, conséquence et évaluation	a real gateway role into a country's culture	un vrai rôle de porte d'entrée	un vrai rôle de porte d'entrée	Cela montre que la cuisine joue un vrai rôle de porte d'entrée vers la culture d'un pays.	Culture P15	Gateway conclusion.
C226	response	Cause, conséquence et évaluation	makes the experience much heavier emotionally	beaucoup plus lourde émotionnellement	beaucoup plus lourde émotionnellement	De plus, certaines personnes laissent derrière elles une famille, des enfants ou des proches malades, ce qui rend l'expérience beaucoup plus lourde émotionnellement.	Culture P17	Emotional-weight collocation.
C227	response	Cause, conséquence et évaluation	you chose your words better	on choisissait mieux ses mots	on choisissait mieux ses mots	En effet, en écrivant à la main, on choisissait mieux ses mots, on construisait des phrases plus complètes et on prenait le temps d'exprimer des choses parfois difficiles à dire à l'oral.	Culture P18	Writing-quality argument.
C228	response	Cause, conséquence et évaluation	a real value of memory, because it left a trace	une vraie valeur de mémoire	une vraie valeur de mémoire	Enfin, je pense que le courrier traditionnel avait une vraie valeur de mémoire, parce qu'il laissait une trace que l'on pouvait garder.	Culture P18	Keepsake argument.
C229	response	Cause, conséquence et évaluation	an impoverishment of personal writing	un certain appauvrissement de l'écriture personnelle	un certain appauvrissement de l'écriture personnelle	Cela montre que la disparition du courrier traditionnel s'accompagne aussi d'un certain appauvrissement de l'écriture personnelle.	Culture P18	Language-decline evaluation.
C230	response	Cause, conséquence et évaluation	no translation truly renders	qu'aucune traduction ne rend vraiment	qu'aucune traduction ne rend vraiment	De plus, beaucoup de choses importantes dans une culture passent par des expressions, des proverbes ou des références qu'aucune traduction ne rend vraiment.	Culture P19	Untranslatability argument.
C231	response	Cause, conséquence et évaluation	grasp the innuendo	saisir les sous-entendus	saisir les sous-entendus	En effet, c'est par la langue que l'on peut avoir de vraies conversations, comprendre les blagues, saisir les sous-entendus et sentir les manières de penser.	Culture P19	Cultural-fluency collocation.
C232	response	Cause, conséquence et évaluation	a quality of thought other media struggle to reproduce	une qualité de pensée	une qualité de pensée	Cela montre que la lecture développe une qualité de pensée que les autres supports ont du mal à reproduire.	Culture P20	Cognitive-benefit claim.
C233	response	Cause, conséquence et évaluation	face the unexpected	faire face aux imprévus	faire face aux imprévus	En effet, quand on voyage seul, on doit tout gérer : réserver, s'orienter, choisir, faire face aux imprévus et résoudre les problèmes sans aide.	Culture P21	Self-reliance verbs.
C234	response	Cause, conséquence et évaluation	forced to go toward others	d'aller vers les autres	d'aller vers les autres	En effet, quand on est seul, on est obligé d'aller vers les autres pour demander une information, pour parler ou pour partager un repas, et les habitants comme les autres voyageurs viennent aussi plus facilement vers une personne seule.	Culture P21	Sociability mechanism.
C235	response	Cause, conséquence et évaluation	solo travel is not synonymous with loneliness	n'est pas synonyme de solitude	n'est pas synonyme de solitude	Cela montre que le voyage en solitaire n'est pas synonyme de solitude, mais souvent au contraire une porte ouverte vers les autres.	Culture P21	Counter-intuitive claim.
C236	response	Cause, conséquence et évaluation	are not learned from a textbook	ne s'apprennent pas dans un manuel	ne s'apprennent pas dans un manuel	De plus, beaucoup de codes culturels ne s'apprennent pas dans un manuel : ils se devinent à travers les conversations, les remarques et les habitudes au travail.	Culture P24; Culture P30	Tacit-knowledge point.
C237	response	Cause, conséquence et évaluation	part of its outer forms	une partie de ses formes extérieures	une partie de ses formes extérieures	Ce n'est donc pas tant la culture qui s'efface qu'une partie de ses formes extérieures.	Culture P27	Reframing what is lost.
C238	response	Cause, conséquence et évaluation	known mainly for their looks	connues surtout pour leur apparence	connues surtout pour leur apparence	En effet, ces programmes mettent souvent en avant des personnes connues surtout pour leur apparence, leur argent ou leur capacité à provoquer du buzz, et non pour leur travail ou leurs idées.	Culture P31	Fame-without-merit point.
C239	response	Cause, conséquence et évaluation	designed to be replaced quickly	conçus pour être remplacés rapidement	conçus pour être remplacés rapidement	De plus, beaucoup de produits sont conçus pour être remplacés rapidement, qu'il s'agisse de vêtements, de téléphones ou d'appareils électroniques.	Culture P34	Planned-obsolescence collocation.
C240	response	Cause, conséquence et évaluation	to never wait anymore	à ne plus jamais attendre	à ne plus jamais attendre	De plus, les services de livraison, de musique ou de vidéo en continu ont habitué les gens à ne plus jamais attendre.	Culture P34	Instant-gratification collocation.
C241	response	Cause, conséquence et évaluation	very concrete and largely underestimated	très concrète et largement sous-estimée	très concrète et largement sous-estimée	Cela montre que la contribution économique des immigrés est très concrète et largement sous-estimée.	Culture P35	Underestimation claim.
C242	response	Cause, conséquence et évaluation	pushes inhabitants to open up	pousse les habitants à s'ouvrir	pousse les habitants à s'ouvrir	De plus, ce mélange culturel pousse les habitants à s'ouvrir, à découvrir et à sortir d'une vision trop fermée d'eux-mêmes.	Culture P35	Openness-effect collocation.
C244	response	Cause, conséquence et évaluation	with the benefit of hindsight	avec le recul du temps	avec le recul du temps	À l'inverse, quand on est plus jeune, on a tendance à dramatiser certaines situations qui paraîtront plus simples avec le recul du temps.	Famille P3	Idiomatic time-perspective.
C245	response	Cause, conséquence et évaluation	a lie, even well-meant	le mensonge, même bien intentionné	le mensonge, même bien intentionné	Cela montre que le mensonge, même bien intentionné, peut faire plus de mal que la vérité elle-même.	Famille P4	Concessive evaluation.
C246	response	Cause, conséquence et évaluation	told tactfully	dire avec tact	dire la vérité, avec tact	Enfin, je pense que dire la vérité, avec tact, aide l'enfant à grandir et à affronter la réalité.	Famille P4	Qualifies honesty; softens.
C247	response	Cause, conséquence et évaluation	is built on honesty	reposer sur l'honnêteté	repose sur l'honnêteté	Je pense d'abord qu'il faut dire la vérité aux enfants, parce que la confiance entre eux et leurs parents repose sur l'honnêteté.	Famille P4	Trust-foundation frame; identical body P4≡P17.
C248	response	Cause, conséquence et évaluation	see one's loved ones daily	voir ses proches au quotidien	voir ses proches au quotidien	En effet, ne plus voir ses proches au quotidien et ne plus partager les petits moments de la vie ordinaire — un repas, une discussion du soir, un coup de main spontané — finit par créer un vrai manque.	Famille P5	Distance-from-family vocab.
C249	response	Cause, conséquence et évaluation	is felt very strongly	se faire sentir très fort	se fait sentir très fort	En effet, dans les moments difficiles comme une maladie, une rupture, une perte d'emploi ou un deuil, l'absence de la famille à proximité se fait sentir très fort.	Famille P5	Emotional-intensity frame.
C250	response	Cause, conséquence et évaluation	as soon as the reward disappears	dès que la récompense disparaît	dès que la récompense disparaît	Par exemple, on observe que beaucoup d'enfants payés pour leurs notes finissent par négocier le prix d'une bonne note ou par se démotiver dès que la récompense disparaît.	Famille P6	Extrinsic-motivation limit.
C251	response	Famille et relations	turn into a family conflict	se transformer en conflit familial	se transformer en conflit familial	En effet, un désaccord au travail peut vite se transformer en conflit familial qui dépasse le bureau.	Famille P7	Spillover risk.
C252	shared	Cause, conséquence et évaluation	set clear boundaries	fixer des limites claires	fixer des limites claires	Enfin, je pense que la vraie condition de réussite est de fixer des limites claires entre les rôles et les responsabilités.	Famille P7; Santé P2	Governance vocab.
C253	response	Cause, conséquence et évaluation	manage everything alone	tout gérer seul	tout gérer seul	À l'opposé, devoir tout gérer seul, sans personne sur qui compter, alourdit énormément le quotidien.	Famille P9	Burden-of-isolation vocab.
C254	response	Cause, conséquence et évaluation	make daily life much heavier	alourdir énormément le quotidien	alourdit énormément le quotidien	À l'opposé, devoir tout gérer seul, sans personne sur qui compter, alourdit énormément le quotidien.	Famille P9	Consequence verb.
C255	response	Cause, conséquence et évaluation	stay in the same circle	rester dans le même cercle	rester dans le même cercle	En revanche, sans amis, on a tendance à rester dans le même cercle, le même schéma, sans rien découvrir de nouveau.	Famille P9	Contrast with openness.
C256	response	Cause, conséquence et évaluation	imposed by birth	imposés par la naissance	imposés par la naissance	En effet, les liens familiaux sont en général imposés par la naissance, alors que l'amitié repose sur un choix personnel et sur des affinités.	Famille P10	Family-vs-friendship core contrast.
C257	response	Cause, conséquence et évaluation	an impoverished social life	une vie sociale appauvrie	une vie sociale appauvrie	À l'opposé, considérer la famille comme un substitut total à l'amitié peut conduire à une vie sociale appauvrie et à des relations familiales surchargées de demandes.	Famille P10	Negative-outcome vocab.
C258	response	Famille et relations	a genuine, trusted friend	un véritable ami de confiance	un véritable ami de confiance	Par exemple, certains adultes considèrent leur frère ou leur sœur comme un véritable ami de confiance, alors que d'autres ont plus de proximité avec un ami d'enfance qu'avec leur propre famille.	Famille P10	Relationship vocab.
C259	response	Cause, conséquence et évaluation	freely choose one's schedule	choisir librement ses horaires	choisir librement ses horaires	En effet, vivre seul permet d'organiser son temps comme on le souhaite, de décider de l'aménagement de son logement, de choisir librement ses horaires de repas ou de sommeil.	Famille P11	Autonomy vocab.
C260	response	Cause, conséquence et évaluation	fewer petty arguments	moins de petites disputes	moins de petites disputes	Il y a aussi moins de bruit, moins de petites disputes et plus de calme au quotidien.	Famille P11	Daily-life vocab.
C261	response	Cause, conséquence et évaluation	is no guarantee of	n'est pas une garantie de	n'est pas une garantie	Cela permet de comprendre que la dureté n'est pas une garantie d'éducation réussie.	Famille P12	Reusable qualifier.
C262	response	Cause, conséquence et évaluation	an indispensable everyday tool	un outil indispensable au quotidien	un outil indispensable au quotidien	Cela permet de comprendre que cette langue n'est pas un simple complément, mais un outil indispensable au quotidien.	Famille P13	Value-of-language frame.
C263	response	Cause, conséquence et évaluation	each language must have its place	chaque langue doit avoir sa place	chaque langue doit avoir sa place	En effet, pour que les enfants puissent grandir bilingues, chaque langue doit avoir sa place : par exemple, la langue maternelle à la maison, et la langue du pays à l'école et avec les amis.	Famille P13	Balance frame for assigning a role to each language.
C264	response	Famille et relations	pay off student loans	rembourser des prêts étudiants	rembourser des prêts étudiants	Rester chez ses parents permet d'économiser, de rembourser des prêts étudiants, de mettre de l'argent de côté pour un projet ou simplement de se stabiliser professionnellement.	Famille P16	Financial vocab.
C265	response	Famille et relations	help one's ageing parents	aider ses parents qui vieillissent	aider ses parents qui vieillissent	En effet, un adulte qui vit chez ses parents peut contribuer aux dépenses, prendre en charge une partie des tâches et aider ses parents qui vieillissent, pour les démarches, le transport ou les gros travaux.	Famille P16	Caregiving vocab.
C266	response	Cause, conséquence et évaluation	rather than mere lodging	plutôt qu'un simple hébergement	plutôt qu'un simple hébergement	Chacun y gagne alors quelque chose, et la cohabitation devient un véritable échange plutôt qu'un simple hébergement.	Famille P16	Reciprocity frame.
C267	response	Cause, conséquence et évaluation	stay glued to their screen	rester collé à son écran	restent collés à leur écran	En effet, à la récréation ou entre les cours, beaucoup d'élèves restent collés à leur écran au lieu de parler avec les autres.	Education P3	Idiomatic screen-overuse image.
C268	response	Cause, conséquence et évaluation	a place of human encounter	un lieu de rencontre humaine	un lieu de rencontre humaine	Cela montre que l'école doit rester un lieu de rencontre humaine, pas seulement de présence physique.	Education P3	Elevated evaluation of school's role.
C269	response	Cause, conséquence et évaluation	does not only teach subjects	n'apprend pas seulement des matières	n'apprend pas seulement des matières	Cela montre que l'école n'apprend pas seulement des matières : elle apprend aussi à vivre avec les autres.	Education P4	Reframes school's mission.
C270	response	Éducation et apprentissage	the child falls behind	l'enfant prenne du retard	l'enfant prenne du retard	Sans cela, le risque est que l'enfant prenne du retard, perde la régularité du travail et se sente isolé.	Education P4	prendre du retard; subjunctive after risque que.
C271	shared	Cause, conséquence et évaluation	many doors remain closed	beaucoup de portes restent fermées	beaucoup de portes restent fermées	Sans un bon niveau, beaucoup de portes restent fermées, surtout pour l'emploi qualifié.	Education P5; Economie P1	Idiomatic opportunity phrase.
C272	response	Cause, conséquence et évaluation	well before traditional media	bien avant les médias traditionnels	bien avant les médias traditionnels	Cela permet à des millions de personnes de comprendre la situation et de réagir, parfois bien avant les médias traditionnels.	Education P6	Contrasts new vs old media speed.
C273	response	Cause, conséquence et évaluation	draw on one's professional experience	s'appuyer sur son expérience professionnelle	s'appuyer sur son expérience professionnelle	Par exemple, un adulte qui reprend une formation peut s'appuyer sur son expérience professionnelle pour mieux comprendre les cours et faire des liens avec la pratique.	Education P7	Adult-learner asset.
C274	response	Cause, conséquence et évaluation	regain self-confidence	reprendre confiance en soi	reprendre confiance en soi	Cela aide aussi à se sentir utile et à reprendre confiance en soi, surtout après un changement de vie.	Education P7	High-frequency personal-growth phrase.
C275	response	Cause, conséquence et évaluation	master precise concepts	maîtriser des notions précises	maîtriser des notions précises	En effet, dans beaucoup de métiers, il faut maîtriser des notions précises, qu'il s'agisse de droit, de sciences, de gestion ou de techniques particulières.	Education P12	Job-competence collocation.
C276	response	Cause, conséquence et évaluation	leave a lasting imprint on how one works	laisser une empreinte durable	laissent une empreinte durable	Cela montre que les études laissent une empreinte durable sur la manière de travailler.	Education P12	Long-term-effect collocation.
C277	response	Cause, conséquence et évaluation	the active use of the language	l'usage actif de la langue	l'usage actif de la langue	Cela permet de comprendre que la vraie difficulté est souvent dans l'usage actif de la langue.	Education P13	Distinguishes passive from active skill.
C278	response	Cause, conséquence et évaluation	not only intellectual but also psychological	n'est pas seulement intellectuelle, elle est aussi psychologique	n'est pas seulement intellectuelle, elle est aussi psychologique	Cela montre que la difficulté n'est pas seulement intellectuelle, elle est aussi psychologique.	Education P13	Not only X but also Y frame.
C279	response	Cause, conséquence et évaluation	the major stages that shaped a country	les grandes étapes qui ont marqué un pays	les grandes étapes qui ont marqué un pays	En effet, à travers la littérature, les essais ou les livres d'histoire, on peut comprendre les grandes étapes qui ont marqué un pays et la manière dont sa société s'est construite.	Education P14	History/culture collocation.
C280	response	Cause, conséquence et évaluation	the phone is only a tool	le téléphone n'est qu'un outil	le téléphone n'est qu'un outil	En effet, le téléphone n'est qu'un outil : tout dépend ensuite des sources que l'on choisit et de la manière dont on vérifie les informations.	Education P15	Tool-vs-use argument.
C281	response	Cause, conséquence et évaluation	believe the first piece of information they see	croire la première information qu'elles voient	croire la première information qu'elles voient	De plus, sans esprit critique, beaucoup de personnes finissent par croire la première information qu'elles voient sur leur écran.	Education P15	Critical-thinking gap.
C282	response	Éducation et apprentissage	rewarded with a better salary	valorisé par un meilleur salaire	valorisé par un meilleur salaire	En effet, beaucoup de personnes acceptent de longues études, des formations exigeantes ou des charges de responsabilité importantes parce qu'elles savent que cela peut être valorisé par un meilleur salaire.	Education P16	Incentive vocabulary.
C283	response	Cause, conséquence et évaluation	rare and sought-after skills	des compétences rares et très recherchées	rares et très recherchées	En effet, certaines compétences sont rares et très recherchées : si l'entreprise ne les paie pas à leur juste valeur, elle ne pourra ni les recruter ni les garder.	Education P16	Labour-market vocabulary.
C284	response	Cause, conséquence et évaluation	lose all trust in public discourse	perdre toute confiance dans la parole publique	perdre toute confiance dans la parole publique	En effet, une société qui accepte les insultes, les mensonges ou les appels à la violence finit par perdre toute confiance dans la parole publique.	Education P17	Social-cohesion consequence.
C285	response	Cause, conséquence et évaluation	shaping free minds	former des esprits libres	former des esprits libres	Cela permet de comprendre que former des esprits libres fait partie des missions essentielles de l'école.	Education P18	Critical-thinking mission phrase.
C286	response	Cause, conséquence et évaluation	enrich one's vocabulary	enrichir son vocabulaire	à enrichir leur vocabulaire	En effet, il existe de nombreuses émissions éducatives qui aident les enfants à enrichir leur vocabulaire, à découvrir les sciences ou à apprendre une langue étrangère.	Education P19	Learning-benefit collocation.
C287	response	Cause, conséquence et évaluation	a genuine teaching tool	un outil pédagogique réel	un outil pédagogique réel	Cela montre que la télévision peut être un outil pédagogique réel, à condition de bien choisir les programmes.	Education P19	Education-value phrase.
C288	response	Cause, conséquence et évaluation	gain access to real prospects	accéder à de vraies perspectives	accéder à de vraies perspectives	En revanche, une université ouverte permet à des jeunes issus de milieux modestes d'accéder à de vraies perspectives.	Education P20	Opportunity vocabulary.
C289	response	Cause, conséquence et évaluation	this habit of effort	cette habitude de l'effort	Cette habitude de l'effort	Cette habitude de l'effort sert ensuite dans tous les domaines de la vie.	Education P21	Transferable-attitude phrase.
C290	response	Cause, conséquence et évaluation	open doors informally	ouvrent aussi des portes de façon informelle	ouvrent aussi des portes de façon informelle	Cela montre que de bonnes notes ouvrent aussi des portes de façon informelle, par la reconnaissance qu'elles suscitent.	Education P21	Informal-advantage phrase.
C291	response	Cause, conséquence et évaluation	is also its main trap	est aussi son principal piège	est aussi son principal piège	Cela permet de comprendre que la liberté offerte par Internet est aussi son principal piège pour ceux qui veulent apprendre seuls.	Education P22	The strength is also the trap frame.
C292	response	Cause, conséquence et évaluation	false certainties, sometimes dangerous ones	de fausses certitudes, parfois dangereuses	de fausses certitudes, parfois dangereuses	À l'inverse, croire qu'on peut tout apprendre seul peut conduire à de fausses certitudes, parfois dangereuses.	Education P22	Warns against overconfidence.
C293	response	Cause, conséquence et évaluation	discover their classmates in a different setting	découvrent leurs camarades dans un autre cadre	découvrent leurs camarades dans un autre cadre	En effet, sortir de l'école ensemble change la dynamique du groupe : les enfants découvrent leurs camarades dans un autre cadre, partagent des découvertes et apprennent à respecter les règles d'un lieu public.	Education P23	Group-dynamics phrase.
C294	response	Cause, conséquence et évaluation	a fine-grained knowledge of needs on the ground	la connaissance fine des besoins de terrain	la connaissance fine des besoins de terrain	En effet, l'État apporte la régularité, les moyens et le cadre légal, tandis que les citoyens apportent la souplesse, la chaleur humaine et la connaissance fine des besoins de terrain.	Santé P4	Sophisticated field/NGO vocabulary.
C295	response	Santé	red or heavily processed meat	de viande rouge ou très transformée	de viande rouge ou très transformée	À l'opposé, une consommation excessive, surtout de viande rouge ou très transformée, peut effectivement poser des problèmes de santé.	Santé P6	Precise dietary-risk vocabulary.
C296	response	Cause, conséquence et évaluation	not only financial but also geographic	pas seulement financière, mais aussi géographique	pas seulement financière, mais aussi géographique	Cela permet de comprendre que l'inégalité d'accès au bio n'est pas seulement financière, mais aussi géographique.	Santé P7	Two-dimension reframe of a problem.
C297	response	Cause, conséquence et évaluation	flexibility is often more effective than compulsion	la souplesse est souvent plus efficace que l'obligation	la souplesse est souvent plus efficace que l'obligation	Cela montre que la souplesse est souvent plus efficace que l'obligation.	Santé P8	Strong evaluative comparison.
C298	response	Cause, conséquence et évaluation	presented as the miracle solution	présentée comme la solution miracle	présentée comme la solution miracle	Cela montre que la chirurgie esthétique, présentée comme la solution miracle, peut au contraire alimenter une insatisfaction sans fin.	Santé P9	Idiom la solution miracle; also une insatisfaction sans fin.
C299	response	Cause, conséquence et évaluation	preventable deaths	des décès évitables	décès évitables	En effet, ces deux produits sont à l'origine de nombreuses maladies, d'accidents, de cancers et de décès évitables chaque année.	Santé P10	Strong public-health noun phrase.
C300	response	Santé	awareness campaigns	des campagnes de sensibilisation	des campagnes de sensibilisation	Investir dans la prévention dès l'école, financer des campagnes de sensibilisation et faciliter l'accès à un accompagnement médical agit en profondeur sur les comportements.	Santé P10	Public-health-action vocabulary.
C301	response	Cause, conséquence et évaluation	public services are receding	les services publics reculent	les services publics reculent	En effet, beaucoup de villages se vident, les commerces ferment, les services publics reculent et les jeunes partent vers les villes.	Santé P14	Rural-decline collocation; also les villages se vident.
C302	response	Cause, conséquence et évaluation	as autonomy declines	quand l'autonomie diminue	quand l'autonomie diminue	Cela montre que la ville facilite concrètement la vie quotidienne, surtout quand l'autonomie diminue.	Santé P14	Ageing-health frame.
C303	response	Cause, conséquence et évaluation	push back the legal retirement age	repousser l'âge légal	repousser l'âge légal	Cela montre qu'il existe des solutions plus équilibrées que de simplement repousser l'âge légal.	Santé P15	Key pension-reform phrase.
C304	response	Cause, conséquence et évaluation	healthy products at a reasonable price	des produits sains à prix raisonnable	des produits sains à prix raisonnable	Cela passe par l'éducation, l'information et l'accès à des produits sains à prix raisonnable.	Santé P16	Food-policy collocation.
C305	response	Cause, conséquence et évaluation	designed to be addictive	conçus pour rendre accro	conçus pour rendre accro	D'autres, au contraire, sont très violents, conçus pour rendre accro, ou pas du tout adaptés à l'âge.	Santé P19	Digital-design critique; also adapté à l'âge.
C306	response	Cause, conséquence et évaluation	afford housing, food, healthcare and transport	se loger, se nourrir, se soigner, se déplacer	se loger, se nourrir, se soigner, se déplacer	En effet, l'argent est nécessaire pour se loger, se nourrir, se soigner, se déplacer et habiller ses enfants.	Santé P20	Reflexive-verb needs bundle.
C307	response	Cause, conséquence et évaluation	the stress of tight ends of the month	le stress lié aux fins de mois difficiles	stress lié aux fins de mois difficiles	Cela enlève beaucoup de stress lié aux fins de mois difficiles.	Santé P22	Idiom fins de mois difficiles; also une dépense imprévue.
C308	response	Cause, conséquence et évaluation	a matter of overall balance	une question d'équilibre global	une question d'équilibre global	Cela permet de comprendre que le bonheur est une question d'équilibre global.	Santé P22	Reusable evaluative closing frame.
C309	response	Cause, conséquence et évaluation	hardships gone through together	des épreuves traversées ensemble	des épreuves traversées ensemble	En effet, une vraie amitié demande du temps, de la confiance, des moments partagés et souvent des épreuves traversées ensemble.	Technologie P1	Strong bonding collocation.
C310	response	Technologie et médias	consume a medium out of habit	consommer un média par habitude	consommer un média par habitude	En revanche, consommer un média par habitude, sans se demander s'il nous convient, n'est pas une démarche très utile.	Technologie P3	Behaviour-critique collocation.
C311	response	Cause, conséquence et évaluation	time-consuming programmes	des programmes chronophages	ou simplement chronophages	En effet, certaines personnes trouvent les programmes peu intéressants, trop centrés sur le spectaculaire, ou simplement chronophages.	Technologie P3	Register-rich adjective.
C312	response	Cause, conséquence et évaluation	the diversity of viewpoints	la diversité des points de vue	la diversité des points de vue	En effet, ce qui fait la qualité de l'information, c'est moins le support que le sérieux des journalistes, la diversité des points de vue et l'esprit critique du lecteur.	Technologie P3	Media-quality vocabulary.
C313	response	Cause, conséquence et évaluation	loneliness can then set in	le sentiment de solitude peut alors s'installer	Le sentiment de solitude peut alors s'installer	Le sentiment de solitude peut alors s'installer, même au milieu de centaines de notifications.	Technologie P4	s'installer = to take hold.
C314	response	Cause, conséquence et évaluation	blame the Internet for every problem	accuser Internet de tous les problèmes de […]	accuser Internet de tous les problèmes de solitude	Au contraire, accuser Internet de tous les problèmes de solitude revient à oublier les autres causes : rythme de vie, stress, manque de temps, etc.	Technologie P4	Reusable over-attribution frame.
C315	response	Cause, conséquence et évaluation	a feeling of powerlessness	un sentiment d'impuissance	un sentiment d'impuissance	Pour certaines personnes, en particulier les plus sensibles, ce flux d'images négatives crée du stress, de l'anxiété ou un sentiment d'impuissance.	Technologie P5	Emotional-effect noun phrase.
C316	response	Cause, conséquence et évaluation	understand the world we live in	comprendre le monde dans lequel on vit	comprendre le monde dans lequel on vit	À l'inverse, ignorer totalement l'actualité n'est pas non plus une bonne idée, parce qu'on a besoin de comprendre le monde dans lequel on vit.	Technologie P5	Civic-awareness collocation.
C317	response	Cause, conséquence et évaluation	a considered and entirely legitimate approach	une démarche réfléchie et tout à fait légitime	une démarche réfléchie et tout à fait légitime	Cela montre que ce choix peut être une démarche réfléchie et tout à fait légitime.	Technologie P5	Validates a personal choice.
C318	response	Cause, conséquence et évaluation	quickly summarise sometimes very complex topics	résumer rapidement des sujets parfois très complexes	résumer rapidement des sujets parfois très complexes	En effet, le format est court, ce qui oblige à résumer rapidement des sujets parfois très complexes.	Technologie P6	Format-limit collocation.
C319	response	Cause, conséquence et évaluation	information spreads there almost instantly	l'information y circule presque instantanément	l'information y circule presque instantanément	En effet, en cas d'événement important, l'information y circule presque instantanément, souvent plus vite que dans les médias traditionnels.	Technologie P10	Speed-of-diffusion collocation.
C320	response	Cause, conséquence et évaluation	support a common cause	soutenir une cause commune	soutenir une cause commune	Ces plateformes permettent aussi de lancer des appels à l'aide, de retrouver des personnes ou de soutenir une cause commune.	Technologie P10	Collective-action collocation.
C321	response	Technologie et médias	get a project or association known	faire connaître un projet, une association ou une entreprise	faire connaître un projet, une association ou une entreprise	En effet, ils permettent de garder le contact avec des proches éloignés, de suivre l'actualité, de découvrir de nouveaux contenus et même de faire connaître un projet, une association ou une entreprise.	Technologie P10	Promotion collocation.
C322	response	Cause, conséquence et évaluation	when a format becomes unreadable	quand un format devient illisible	qu'un format devient illisible	Les messages numériques, eux, peuvent disparaître quand une messagerie ferme, qu'un téléphone est perdu ou qu'un format devient illisible.	Technologie P12	Digital-fragility collocation.
C323	response	Cause, conséquence et évaluation	reach someone in an emergency	joindre quelqu'un en urgence	joindre quelqu'un en urgence	En revanche, avant le téléphone portable, joindre quelqu'un en urgence pouvait être très difficile, voire impossible pendant des heures.	Technologie P13	Reachability collocation.
C324	response	Cause, conséquence et évaluation	constant solicitations	les sollicitations permanentes	les sollicitations permanentes	Plus l'enfant est jeune, moins il est capable de gérer les contenus, le temps d'écran et les sollicitations permanentes.	Technologie P16	Digital-pressure noun phrase.
C325	response	Cause, conséquence et évaluation	exposure to unsuitable content	une exposition à des contenus inadaptés	une exposition à des contenus inadaptés	Ensuite, je pense qu'un accès trop libre peut créer de la distraction, de la dépendance et une exposition à des contenus inadaptés.	Technologie P16	Online-risk collocation.
C326	response	Cause, conséquence et évaluation	introduced gradually according to age and maturity	introduit progressivement selon l'âge et la maturité	introduit progressivement selon l'âge et la maturité	Je pense d'abord que chez les enfants, le téléphone portable doit être introduit progressivement selon l'âge et la maturité.	Technologie P16	Graduated-access collocation.
C327	response	Cause, conséquence et évaluation	serve the greatest number	servir le plus grand nombre	servir le plus grand nombre	Au contraire, une dépense publique a normalement vocation à servir le plus grand nombre, ce qui n'est pas le cas ici.	Technologie P17	Public-interest criterion.
C328	response	Cause, conséquence et évaluation	save time and compare prices	gagner du temps et comparer les prix	gagner du temps et comparer les prix	Tout d'abord, les achats en ligne sont très pratiques pour gagner du temps et comparer les prix.	Technologie P18	E-commerce benefit pair.
C329	response	Cause, conséquence et évaluation	plan and solve problems	planifier et résoudre des problèmes	de planifier, de résoudre des problèmes	En effet, il existe des jeux de réflexion, de stratégie, de construction ou d'aventure qui demandent à l'enfant de planifier, de résoudre des problèmes, de coopérer avec d'autres joueurs ou de mémoriser des informations.	Technologie P19	Cognitive-skills collocation.
C330	response	Cause, conséquence et évaluation	remain one activity among others	rester une activité parmi d'autres	s'ils restent une activité parmi d'autres	Enfin, je pense que les jeux vidéo peuvent être utiles s'ils restent une activité parmi d'autres et ne remplacent pas le sommeil, le sport ou les relations sociales.	Technologie P19	Balance-of-activities frame.
C331	response	Cause, conséquence et évaluation	public-hire bikes	des vélos en libre-service	des vélos en libre-service	En effet, dans la plupart des grandes villes, on trouve des bus, des tramways, des métros, des vélos en libre-service et des trajets courts qui peuvent se faire à pied.	Technologie P20; Environnement P5	Urban-mobility vocabulary.
C332	response	Cause, conséquence et évaluation	this diversity in a single tool	cette diversité dans un seul outil	cette diversité dans un seul outil	Aucun autre média ne propose cette diversité dans un seul outil.	Technologie P21	One-tool argument.
C333	response	Cause, conséquence et évaluation	information is found much faster	l'information se trouve beaucoup plus vite	L'information se trouve aussi beaucoup plus vite	L'information se trouve aussi beaucoup plus vite, sans avoir besoin d'aller en bibliothèque ou de demander à un spécialiste.	Technologie P22	Speed-of-access collocation.
C334	response	Cause, conséquence et évaluation	compare the angles/perspectives	comparer les angles	comparer les angles	Cela m'aide à comparer les angles, mais il faut que je puisse vérifier l'origine des informations pour me faire une opinion équilibrée.	Technologie P24	Critical-reading collocation.
C335	response	Cause, conséquence et évaluation	broadcast programmes at set times	diffuser des programmes à des heures précises	diffusent des programmes à des heures précises	En revanche, la télévision et la radio diffusent des programmes à des heures précises, ce qui n'est pas toujours pratique selon mon emploi du temps.	Technologie P24	Scheduling-constraint collocation.
C336	response	Cause, conséquence et évaluation	could not survive alone in the wild	survivre seuls dans la nature	survivre seuls dans la nature	En effet, beaucoup d'animaux nés en captivité ou recueillis blessés ne pourraient pas survivre seuls dans la nature : ils n'ont jamais appris à chasser ni à se protéger.	Environnement P4; Environnement P2	Conditional ne pourraient pas.
C337	response	Cause, conséquence et évaluation	already overcrowded sanctuaries	des sanctuaires déjà saturés	des sanctuaires déjà saturés	Fermer tous les zoos obligerait à les placer en urgence dans des sanctuaires déjà saturés, faute de meilleure solution.	Environnement P4	saturé = full to capacity.
C338	response	Environnement et transports	parking and traffic-jam problems	des problèmes de stationnement et d'embouteillages	des problèmes de stationnement et d'embouteillages	De plus, garder une voiture en ville coûte cher et pose souvent des problèmes de stationnement et d'embouteillages.	Environnement P5	Urban-car downsides.
C339	response	Environnement et transports	give the city back to its residents	rendre la ville à ses habitants	rendre la ville à ses habitants	Cela montre que limiter la voiture, c'est aussi rendre la ville à ses habitants.	Environnement P6	rendre X à Y = give back.
C340	response	Environnement et transports	the most densely populated areas	les espaces les plus denses	les espaces les plus denses	En effet, ce sont les espaces les plus denses, où circulent à la fois les habitants, les commerces, les écoles et les touristes.	Environnement P8	dense = crowded.
C341	response	Cause, conséquence et évaluation	deteriorate when constantly visited	s'abîment vite quand ils sont fréquentés en permanence	s'abîment vite quand ils sont fréquentés en permanence	Les paysages, les plages ou les sentiers de montagne s'abîment vite quand ils sont fréquentés en permanence.	Environnement P9	s'abîmer = get damaged.
C342	response	Cause, conséquence et évaluation	has shown its limits	a montré ses limites	a montré ses limites	En effet, le modèle intensif a montré ses limites : épuisement des sols, pollution de l'eau, dépendance aux produits chimiques et fragilité des exploitations face aux crises.	Environnement P13	montrer ses limites = reach its limits.
C343	response	Environnement et transports	a strong environmental impact	un fort impact environnemental	un fort impact environnemental	En effet, certaines activités, comme l'industrie lourde ou les transports utilisant des énergies fossiles, ont un fort impact environnemental.	Environnement P14	Standard evaluation collocation.
C344	response	Cause, conséquence et évaluation	accept the burden of deciding	accepter une charge de décision	accepter une charge de décision	Ensuite, je pense qu'être responsable suppose d'accepter une charge de décision que tout le monde n'est pas prêt à porter.	Economie P3	Leadership-responsibility vocabulary.
C345	response	Cause, conséquence et évaluation	lowers concentration and raises errors	fait baisser la concentration et augmente les erreurs	fait baisser la concentration et augmente les erreurs	En effet, la fatigue de l'après-midi fait baisser la concentration et augmente les erreurs, surtout dans les métiers qui demandent de l'attention.	Economie P4	Cause-effect on performance.
C346	response	Cause, conséquence et évaluation	absenteeism and internal conflicts	l'absentéisme et les conflits internes	l'absentéisme et les conflits internes	Cela limite également l'absentéisme et les conflits internes, qui pèsent toujours sur l'organisation.	Economie P6	Hidden-cost vocabulary.
C347	response	Cause, conséquence et évaluation	before they are advertised	avant qu'elles ne soient annoncées	avant qu'elles ne soient annoncées	Une personne déjà installée dans le monde du travail entend parler des opportunités avant qu'elles ne soient annoncées.	Economie P10	avant que + ne explétif + subjonctif.
C348	response	Cause, conséquence et évaluation	temp assignments or part-time jobs	des missions d'intérim ou des temps partiels	missions d'intérim ou temps partiels	En effet, à l'entrée dans la vie active, beaucoup de jeunes enchaînent stages, contrats courts, missions d'intérim ou temps partiels.	Economie P10	Precarious-work vocabulary.
C349	response	Cause, conséquence et évaluation	that leaves few options	qui ne laisse pas beaucoup d'options	qui ne laisse pas beaucoup d'options	Ce n'est pas un choix librement consenti : c'est plutôt une réponse à une situation économique qui ne laisse pas beaucoup d'options.	Economie P14	Constraint-emphasis frame.
C350	response	Cause, conséquence et évaluation	more endured than chosen	davantage subie que choisie	davantage subie que choisie	Cela montre que la migration économique est souvent davantage subie que choisie.	Economie P14	High-value contrast; subir vs choisir.
C351	response	Étranger et immigration	prove a minimum of resources	prouver un minimum de ressources	prouver un minimum de ressources	En effet, il faut souvent obtenir un visa de travail, un permis de séjour, parfois prouver un minimum de ressources et passer plusieurs étapes avant d'avoir le droit de travailler légalement.	Economie P15	Visa-condition vocabulary.
C352	response	Étranger et immigration	have one's skills and experience recognised	faire reconnaître ses compétences et son expérience	faire reconnaître ses compétences et son expérience	Cela montre que partir ne suffit pas : il est essentiel que chacun puisse faire reconnaître ses compétences et son expérience une fois sur place.	Economie P15	Useful migration and employment collocation.
C353	response	Cause, conséquence et évaluation	bring a lot of money into the local economy	faire entrer beaucoup d'argent dans l'économie locale	fait entrer beaucoup d'argent dans l'économie locale	En effet, les touristes dépensent dans les hôtels, les restaurants, les transports, les commerces et les sites culturels, ce qui fait entrer beaucoup d'argent dans l'économie locale.	Economie P16	Tourism-economy collocation.
C354	response	Cause, conséquence et évaluation	do not depend on the person's sex	ne pas dépendre du sexe de la personne	ne dépendent absolument pas du sexe de la personne	Ces qualités ne dépendent absolument pas du sexe de la personne.	Economie P17	Anti-discrimination argument.
C355	response	Cause, conséquence et évaluation	not a question of income but of how you live	pas une question de niveau de revenu, mais de manière de vivre	pas une question de niveau de revenu, mais de manière de vivre	Cela permet de comprendre que profiter de la vie n'est pas une question de niveau de revenu, mais de manière de vivre.	Economie P18	Reframes the criterion.
C356	response	Cause, conséquence et évaluation	you get used to it very quickly	on s'habitue très vite	s'habitue très vite	Or, ce confort s'habitue très vite et ne crée pas un bonheur durable.	Economie P18	Hedonic-adaptation idea.
C357	response	Cause, conséquence et évaluation	in often gruelling conditions	dans des conditions souvent éprouvantes	dans des conditions souvent éprouvantes	En effet, les infirmiers, les enseignants, les éboueurs ou les pompiers rendent des services essentiels au quotidien, dans des conditions souvent éprouvantes.	Economie P20	Working-conditions collocation.
C358	shared	Cause, conséquence et évaluation	one of the main barriers to	l'un des principaux freins à […]	l'un des principaux freins	En effet, le coût du transport est l'un des principaux freins à l'utilisation des bus, tramways ou métros.	Economie P22	Reusable obstacle frame.
C359	shared	Cause, conséquence et évaluation	rest solely on	reposer uniquement sur […]	reposer uniquement sur	Cela montre que la solidarité ne peut pas reposer uniquement sur des structures aussi fragiles.	Economie P23	"Reusable ""cannot rest solely on"" frame."
C360	response	Travail et économie	subsidised housing	des logements à loyer modéré	des logements à loyer modéré	En effet, l'État peut mettre en place des aides sociales, un système de santé accessible, une école gratuite, des logements à loyer modéré et des politiques de l'emploi.	Economie P23	Welfare-state vocabulary.
C361	response	Cause, conséquence et évaluation	a social-protection system	un système de protection sociale	un système de protection sociale	À l'inverse, aucune association, même très bien organisée, ne peut remplacer un système de protection sociale complet.	Economie P23	Key policy term.
ENV32	response	Environnement et transports	refuse disposable plastic bags	refuser les sacs plastiques jetables	refuser les sacs plastiques jetables	En effet, des actions comme acheter en vrac, utiliser une gourde plutôt que des bouteilles en plastique, refuser les sacs plastiques jetables, composter ses déchets organiques ou éviter les objets à usage unique sont accessibles à presque tout le monde.	Environnement P3	jetable = single-use/disposable.
ENV33	response	Environnement et transports	suddenly released into the wild	brusquement relâché dans la nature	brusquement relâché dans la nature	Par exemple, un animal né dans un zoo et habitué à la présence humaine n'a souvent aucune chance de se nourrir ou de se défendre seul s'il est brusquement relâché dans la nature.	Environnement P4	relâcher = release an animal.
ENV34	response	Environnement et transports	their own organic brand	leur propre marque bio	leur propre marque bio	Par exemple, beaucoup d'enseignes proposent aujourd'hui leur propre marque bio, ce qui montre que cette demande est devenue un vrai axe de leur stratégie.	Environnement P7	Concrete retail evidence.
ENV35	response	Environnement et transports	change their production methods	changer leur mode de production	changer leur mode de production	Par exemple, dans plusieurs régions, on observe que le développement de la demande bio a permis à de nombreux agriculteurs de changer leur mode de production.	Environnement P7	mode de production = production method.
ENV36	response	Environnement et transports	a loss of customers	d'une perte de clientèle	d'une perte de clientèle	Par exemple, là où une zone piétonne a été décidée du jour au lendemain sans concertation, les commerçants se sont souvent plaints d'une perte de clientèle, alors qu'une mise en place progressive aurait évité ce problème.	Environnement P8	clientèle = customer base.
ENV37	response	Environnement et transports	the most polluting cars on the road	les voitures les plus émettrices en circulation	voitures les plus émettrices en circulation	Par exemple, dans plusieurs grandes villes, des règles plus strictes sur les véhicules les plus polluants ont permis de réduire le nombre de voitures les plus émettrices en circulation.	Environnement P11	émetteur = emitter; en circulation = on the road.
ENV38	response	Environnement et transports	sort their waste	trier leurs déchets	trier leurs déchets	Par exemple, on demande aux particuliers de trier leurs déchets, mais en parallèle certaines industries polluantes continuent à être peu contrôlées, ce qui crée un sentiment d'injustice.	Environnement P11	trier = sort; le tri sélectif.
F41	response	Famille et relations	a path that suits one's personality	une voie qui correspond à sa personnalité	une voie qui correspond à sa personnalité	Par exemple, face à un choix d'études, un grand-parent peut encourager un jeune à choisir une voie qui correspond à sa personnalité, plutôt que la plus prestigieuse ou la mieux payée.	Famille P3	Personalised study or career advice.
N139	shared	Nuancer et comparer	is not set in stone	[…] n'est pas figée	n'est pas figée	Cependant, la frontière entre ce qu'il faut adapter et ce qu'on peut garder n'est pas figée.	Culture P1; Education P1	Softens a rigid boundary; feminine agreement.
N140	shared	Nuancer et comparer	the order of priorities can vary by country and context	l'ordre des priorités peut varier selon […]	l'ordre des priorités peut varier selon	Cependant, l'ordre des priorités peut varier selon les pays et les contextes.	Culture P4	Contextual qualification.
N141	response	Étranger et immigration	one must not idealise the experience abroad	il ne faut pas idéaliser l'expérience à l'étranger	il ne faut pas idéaliser l'expérience à l'étranger	Cependant, il ne faut pas idéaliser l'expérience à l'étranger.	Culture P5	Cautions against romanticising.
N142	response	Nuancer et comparer	of average quality	de qualité moyenne	de qualité moyenne	Cependant, il faut reconnaître qu'une grande partie des programmes télévisés sont effectivement de qualité moyenne et invitent à une consommation passive.	Culture P12	Concedes the opposing point.
N143	response	Nuancer et comparer	is only acquired through direct contact	ne s'acquiert qu'au contact direct	ne s'acquiert qu'au contact direct	Une partie de la connaissance ne s'acquiert qu'au contact direct, en se trompant, en observant et en discutant avec les habitants.	Culture P26	Limits-of-preparation qualifier.
N144	response	Nuancer et comparer	it would be unfair to exclude	il serait injuste d'exclure	il serait injuste d'exclure	Cependant, il serait injuste d'exclure les célébrités de la politique simplement parce qu'elles sont connues.	Culture P33	Reusable fairness-hedging frame.
N145	response	Famille et relations	a reliable circle of friends	un cercle d'amis fiable	un cercle d'amis fiable	Cependant, vivre loin de sa famille peut mieux se passer quand on a un projet solide sur place : un travail intéressant, un cercle d'amis fiable et une vraie vie sociale.	Famille P5	Social-support vocab.
N146	response	Nuancer et comparer	a small symbolic gesture	une petite attention symbolique	une petite attention symbolique	Une petite attention symbolique, un cadeau pour un examen important ou une sortie en famille pour fêter une réussite sont tout à fait positifs.	Famille P6	Concedes moderate rewards.
N147	response	Nuancer et comparer	remain overseen by the State	rester encadré par l'État	rester encadré par l'État	Cela doit toutefois rester encadré par l'État pour vérifier la qualité de l'enseignement.	Education P4	Policy-safeguard vocabulary.
N148	response	Nuancer et comparer	motivation, experience, network	la motivation, l'expérience, le réseau	la motivation, l'expérience, le réseau	La motivation, l'expérience, le réseau et certaines qualités humaines comptent aussi beaucoup.	Education P12	Other success factors bundle.
N149	response	Nuancer et comparer	living in the country of the language	vivre dans le pays de la langue	vivre dans le pays de la langue	Cependant, certaines situations rendent l'apprentissage plus facile : vivre dans le pays de la langue, avoir un partenaire ou un ami qui la parle, ou commencer très jeune.	Education P13	Immersion condition.
N150	response	Nuancer et comparer	an understanding no book can offer	une compréhension qu'aucun livre ne peut offrir	une compréhension qu'aucun livre ne peut offrir	Vivre dans un pays, parler avec ses habitants et partager leur quotidien apporte une compréhension qu'aucun livre ne peut offrir.	Education P14	Concedes limits of reading.
N151	response	Nuancer et comparer	censorship of dissenting opinions	la censure des opinions qui dérangent	la censure des opinions qui dérangent	Sinon, on risque de tomber dans la censure des opinions qui dérangent simplement le pouvoir.	Education P17	Warns against abuse of limits.
N152	response	Nuancer et comparer	is not in competition with these other missions	n'est pas en concurrence avec ces autres missions	pas en concurrence avec ces autres missions	Le programme n'est donc pas en concurrence avec ces autres missions, mais il n'est pas non plus la seule priorité.	Education P18	Reconciles competing aims.
N153	response	Nuancer et comparer	the very definition of success	la définition même de la réussite	la définition même de la réussite	La définition même de la réussite est d'ailleurs très personnelle : pour certains, c'est un bon poste ; pour d'autres, fonder une famille, équilibrer sa vie ou se sentir utile aux autres.	Education P21	"Reframes what ""success"" means."
N154	response	Nuancer et comparer	has really been a game-changer	a vraiment changé la donne	a vraiment changé la donne	Cependant, Internet a vraiment changé la donne pour certaines compétences plus pratiques, où les vidéos et les exercices en ligne suffisent à atteindre un bon niveau.	Education P22	"Concessive ""game-changer"" idiom."
N155	response	Nuancer et comparer	turn into a mere outing	se transformer en simple promenade	se transformer en simple promenade	Sans cette préparation, la sortie peut se transformer en simple promenade sans grand effet pédagogique.	Education P23	Failure-mode warning.
N156	response	Nuancer et comparer	their schedule remains flexible	leur emploi du temps reste souple	leur emploi du temps reste souple	À condition que leur emploi du temps reste souple, certaines personnes y arrivent très bien et en tirent même de la fierté grâce à un travail à temps partiel adapté, au soutien de leurs proches et à un objectif clair.	Santé P3	Condition for combining demanding commitments successfully.
N157	response	Nuancer et comparer	cold, bureaucratic aid	une aide froide et bureaucratique	une aide froide et bureaucratique	Au contraire, si l'on s'appuie uniquement sur l'un des deux, on finit par avoir soit une aide froide et bureaucratique, soit une aide trop dépendante de la bonne volonté des uns et des autres.	Santé P4	Critique of purely state-run aid.
N158	response	Nuancer et comparer	a reasonable area of authority to preserve	une zone d'autorité raisonnable à conserver	une zone d'autorité raisonnable à conserver	Il y a donc une zone d'autorité raisonnable à conserver.	Santé P8	Sophisticated parenting phrase.
N159	response	Nuancer et comparer	a one-off, well-considered procedure	une intervention ponctuelle, bien réfléchie	Une intervention ponctuelle, bien réfléchie	Une intervention ponctuelle, bien réfléchie et qui répond à un vrai besoin individuel peut tout à fait se comprendre.	Santé P9	Concessive qualifier for balanced view.
N160	response	Nuancer et comparer	turn stress into motivation	transformer le stress en motivation	transforment mieux le stress en motivation	Cependant, certaines personnes transforment mieux le stress en motivation que d'autres.	Santé P17	transformer X en Y; individual-difference frame.
N161	response	Nuancer et comparer	childcare costs	les frais de garde	loyer cher, transport, frais de garde	Cependant, dans certaines villes ou pour certaines familles, il faut malgré tout un revenu plus élevé à cause du coût réel de la vie : loyer cher, transport, frais de garde, etc.	Santé P20	Cost-of-living vocabulary.
N162	response	Nuancer et comparer	handle one's paperwork in person	faire ses démarches en personne	faire ses démarches en personne	Cependant, vivre avec moins de téléphone reste possible si l'on accepte certaines contraintes : appeler depuis un téléphone fixe, demander son chemin, faire ses démarches en personne.	Technologie P2	Offline-alternative collocation.
N163	response	Nuancer et comparer	when certain topics come round on a loop	quand certains sujets reviennent en boucle	quand certains sujets reviennent en boucle	Cette critique a une part de vérité, surtout quand certains sujets reviennent en boucle.	Technologie P6	revenir en boucle idiom.
N164	response	Nuancer et comparer	a choice that takes a lot of effort	un choix qui demande beaucoup d'efforts	un choix qui demande beaucoup d'efforts	Cependant, il faut reconnaître que se passer totalement de téléphone reste un choix qui demande beaucoup d'efforts et qui devient de plus en plus rare.	Technologie P11	Effort-cost caveat.
N165	response	Nuancer et comparer	retain an occasional usefulness	conserver une utilité ponctuelle	elle conserve une utilité ponctuelle	La lettre manuscrite n'a plus une utilité quotidienne, mais elle conserve une utilité ponctuelle.	Technologie P12	quotidienne/ponctuelle contrast.
N166	response	Nuancer et comparer	partial solutions exist	des solutions partielles existent	des solutions partielles existent	Cependant, même en zone rurale, des solutions partielles existent : covoiturage, voitures partagées, navettes locales ou petits trajets à vélo.	Technologie P20	Nuance toward a middle ground.
N167	response	Nuancer et comparer	mix rumours and verified facts	mélanger rumeurs et faits vérifiés	ils mélangent souvent rumeurs et faits vérifiés	Quant aux réseaux sociaux, je pense qu'ils ne devraient pas devenir la source principale d'information sérieuse, car ils mélangent souvent rumeurs et faits vérifiés.	Technologie P21	Media-reliability caveat.
N168	response	Nuancer et comparer	a gradual, well-organised policy	une politique progressive et bien organisée	une politique progressive et bien organisée	Il faut donc une politique progressive et bien organisée.	Environnement P6	progressive = phased.
N169	response	Nuancer et comparer	allow for reasonable exceptions	prévoir des exceptions raisonnables	prévoir des exceptions raisonnables	Cependant, même dans les zones interdites aux voitures, il faut prévoir des exceptions raisonnables : livraisons, services d'urgence, personnes à mobilité réduite ou habitants.	Environnement P8	prévoir = plan for.
N170	response	Nuancer et comparer	does not mean the absence of effort	ne signifie pas absence d'effort	ne signifie pas absence d'effort	Cependant, le bien-être au travail ne signifie pas absence d'effort.	Economie P6	Guards against a misreading.
N171	response	Nuancer et comparer	shouldn't become a general rule	ne pas devenir une règle générale	devenir une règle générale	Ce ressenti est respectable, mais il ne devrait pas devenir une règle générale.	Economie P17	Concedes then limits.
H51	response	Santé	a lesson in fair play	une leçon de fair-play	une leçon de fair-play	Par exemple, un enfant qui apprend à serrer la main de son adversaire après un match perdu intègre une leçon de fair-play qu'il pourra utiliser dans beaucoup d'autres situations.	Santé P1	Concrete sport vocabulary.
H52	response	Santé	a food-aid charity	une association d'aide alimentaire	une association d'aide alimentaire	Par exemple, dans une association d'aide alimentaire, ce n'est pas seulement le repas qui compte, mais aussi le moment d'échange et la présence régulière des bénévoles auprès des bénéficiaires.	Santé P4; Education P10; Environnement P1	Concrete solidarity vocabulary.
H53	response	Santé	the Mediterranean diet	le régime méditerranéen	le régime méditerranéen	Par exemple, dans le régime méditerranéen, considéré comme l'un des plus sains, on retrouve de la viande, mais en quantité modérée et en complément de beaucoup de légumes, de poisson et de céréales.	Santé P6	Canonical healthy-eating reference.
H54	response	Santé	farmers' markets	les marchés de producteurs	les marchés de producteurs	En effet, les magasins bio, les marchés de producteurs et les rayons bio bien fournis sont surtout présents dans les centres-villes et les quartiers aisés.	Santé P7	Food-supply vocabulary.
H55	response	Santé	flourish in swimming	s'épanouir totalement dans la natation	s'épanouir totalement dans la natation	Par exemple, un enfant qui n'aime pas les sports collectifs peut s'épanouir totalement dans la natation ou dans une activité plus individuelle comme le tennis ou la gymnastique.	Santé P8	Verb s'épanouir dans; sports vocabulary.
H56	response	Santé	the signs of age	les signes de l'âge	les signes de l'âge	Par exemple, on voit aujourd'hui des personnes très jeunes envisager déjà des interventions pour « anticiper » les signes de l'âge, ce qui montre à quel point cette pression est devenue précoce.	Santé P9	Ageing/appearance vocabulary.
H57	response	Santé	industrial farming conditions	les conditions d'élevage industriel	les conditions d'élevage industriel	Par exemple, beaucoup de personnes décident de devenir végétariennes après avoir lu des informations sur les conditions d'élevage industriel ou sur l'impact environnemental de la viande.	Santé P13	Food-ethics vocabulary; also l'impact environnemental de la viande.
H58	response	Santé	medical history	les antécédents médicaux	leurs antécédents médicaux	Par exemple, deux personnes du même âge peuvent avoir des conditions physiques radicalement différentes selon leur métier, leur logement, leur sommeil et leurs antécédents médicaux.	Santé P15	Precise health vocabulary.
H59	response	Santé	nutrition education at school	des programmes éducatifs sur la nutrition à l'école	des programmes éducatifs sur la nutrition à l'école	Par exemple, des programmes éducatifs sur la nutrition à l'école, ou des campagnes de sensibilisation, peuvent aider les jeunes à mieux comprendre comment s'alimenter au quotidien.	Santé P16	Public-health-education vocabulary.
H60	response	Santé	deep exhaustion, sometimes called burnout	un épuisement profond, parfois appelé burn-out	un épuisement profond, parfois appelé burn-out	Par exemple, beaucoup de personnes qui vivent dans un environnement de travail très tendu finissent par développer un épuisement profond, parfois appelé burn-out.	Santé P17	Work-health vocabulary.
H61	response	Santé	a certain peace of mind	une certaine tranquillité d'esprit	une certaine tranquillité d'esprit	Par exemple, quelqu'un qui gagne assez bien sa vie peut se permettre de partir en vacances, de soigner ses enfants sans hésiter et de garder une certaine tranquillité d'esprit.	Santé P22	Well-being noun phrase.
H62	response	Santé	depend on insulin	dépendre de l'insuline	dépend de l'insuline	Par exemple, une personne diabétique qui dépend de l'insuline ne peut tout simplement pas vivre normalement sans son traitement quotidien.	Santé P23	Precise medical vocabulary; also un traitement quotidien.
A313	shared	Schémas d'argumentation	conditions access to all the other causes	conditionne l'accès à […]	conditionne l'accès à	À mon avis, la cause la plus prioritaire aujourd'hui est la lutte contre la pauvreté et l'exclusion, parce qu'elle touche à la dignité humaine et qu'elle conditionne l'accès à toutes les autres causes.	Culture P4	Prioritisation frame.
A314	response	Schémas d'argumentation	take concrete action on it	agir concrètement dessus	agir concrètement dessus	Enfin, pour qu'une cause soit vraiment prioritaire, il faut pouvoir agir concrètement dessus, et la lutte contre la pauvreté en fait clairement partie.	Culture P4	Actionability criterion.
A315	response	Schémas d'argumentation	develop reflection and concentration	développer la réflexion et la concentration	développer la réflexion et la concentration	Tout d'abord, le livre reste un outil très puissant pour développer la réflexion et la concentration.	Culture P6	Reading-benefit collocation.
A316	response	Schémas d'argumentation	when the community of origin becomes the only social space	le seul espace social	le seul espace social	Ensuite, le problème commence lorsque la communauté d'origine devient le seul espace social.	Culture P11	Pinpoints when a benefit turns harmful.
A317	shared	Schémas d'argumentation	saying X is too absolute	est trop absolu	est trop absolu	À mon avis, dire que le temps passé devant la télévision est du temps perdu est trop absolu.	Culture P12; Culture P17	Rejects a categorical claim.
A318	response	Schémas d'argumentation	suppressing music, drawing or theatre would be a mistake	supprimer […] de l'école serait une erreur	supprimer la musique, le dessin ou le théâtre de l'école serait une erreur	À mon avis, supprimer la musique, le dessin ou le théâtre de l'école serait une erreur.	Culture P13	Evaluates a proposal negatively.
A319	response	Schémas d'argumentation	open pupils to the diversity of the world	à la diversité du monde	à la diversité du monde	Ensuite, les matières culturelles ouvrent les élèves à la diversité du monde.	Culture P13	Openness argument.
A320	response	Schémas d'argumentation	a direct experience that nothing fully replaces	que rien ne remplace totalement	que rien ne remplace totalement	À mon avis, on peut largement découvrir les autres cultures sans voyager, grâce aux livres, aux médias et aux rencontres ; mais le voyage apporte une expérience directe que rien ne remplace totalement.	Culture P14	Concession granting travel's value.
A321	response	Schémas d'argumentation	play a deep role in our balance and fulfilment	notre équilibre et notre épanouissement	notre équilibre et notre épanouissement	À mon avis, il n'est pas réaliste de dire que les amis ne sont pas nécessaires au bonheur, parce que le soutien et les liens qu'ils nous apportent jouent un rôle profond dans notre équilibre et notre épanouissement.	Culture P16	Well-being vocabulary.
A322	response	Schémas d'argumentation	the human being is by nature a social being	par nature un être social	par nature un être social	Ensuite, l'être humain est par nature un être social, et l'isolement prolongé finit par nuire à la santé et au moral.	Culture P16	Anthropological premise.
A323	response	Schémas d'argumentation	understand a country from the inside	comprendre un pays de l'intérieur	comprendre un pays de l'intérieur	Je pense d'abord que la langue est ce qui permet de comprendre un pays de l'intérieur, à travers les mots et les réactions de ses habitants.	Culture P19	Insider-knowledge framing.
A324	response	Schémas d'argumentation	it would be false to say only reading makes you cultivated	il serait faux de dire que	il serait faux de dire que	Je pense d'abord qu'il serait faux de dire que seule la lecture permet d'être cultivé.	Culture P20	Rejecting an exclusive claim.
A325	response	Schémas d'argumentation	left for professional reasons	sont parties pour des raisons professionnelles	sont parties pour des raisons professionnelles	Je pense d'abord qu'une grande partie des personnes qui vivent à l'étranger sont parties pour des raisons professionnelles.	Culture P25	Motive-labelling.
A326	response	Schémas d'argumentation	greatly eases concrete formalities	facilite énormément les démarches concrètes	facilite énormément les démarches concrètes	Je pense d'abord que bien connaître le pays d'accueil facilite énormément les démarches concrètes et la vie de tous les jours une fois sur place.	Culture P26	Practical-benefit claim.
A327	response	Schémas d'argumentation	end up naturally fading away	finissent naturellement par s'effacer	finissent naturellement par s'effacer	Je pense d'abord qu'avec le temps, certaines habitudes de la culture d'origine finissent naturellement par s'effacer.	Culture P27	Gradual-change claim.
A328	response	Schémas d'argumentation	professional and administrative precariousness	la précarité professionnelle et administrative	la précarité professionnelle et administrative	Enfin, je pense que vivre à l'étranger est difficile à cause de la précarité professionnelle et administrative qui pèse souvent sur l'expérience.	Culture P29	Insecurity argument.
A329	response	Schémas d'argumentation	promotes superficial role models	valorise des modèles superficiels	valorise des modèles superficiels	À mon avis, la télé-réalité a souvent une mauvaise influence sur les jeunes, parce qu'elle valorise des modèles superficiels, banalise des comportements problématiques et touche un public encore en construction.	Culture P31	Three-pronged position.
A330	response	Schémas d'argumentation	a real asset in politics	un vrai atout en politique	un vrai atout en politique	Ensuite, je pense qu'il faut reconnaître que la visibilité d'une célébrité peut aussi être un vrai atout en politique.	Culture P33	Balancing counter-argument.
A331	response	Schémas d'argumentation	strongly encourage waste	encouragent fortement le gaspillage	encouragent fortement le gaspillage	Je pense d'abord que les nouvelles habitudes de consommation encouragent fortement le gaspillage.	Culture P34	Waste argument.
A332	response	Schémas d'argumentation	an important economic asset	une richesse économique importante	une richesse économique importante	Je pense d'abord que les immigrés représentent une richesse économique importante pour le pays d'accueil.	Culture P35	Economic argument.
A333	response	Schémas d'argumentation	build genuine motivation	construire une vraie motivation	construire une vraie motivation	D'abord, parce que cela peut produire un effet à court terme, mais sans construire une vraie motivation.	Famille P6	Education/reward argument; identical body P6≡P15.
A334	response	Schémas d'argumentation	rigid authoritarianism	un autoritarisme rigide	un autoritarisme rigide	À mon avis, les enfants ont besoin d'autorité, mais pas d'un autoritarisme rigide.	Famille P12	Distinguishes authority from authoritarianism.
A335	response	Schémas d'argumentation	according to their age and abilities	selon leur âge et leurs possibilités	selon leur âge et leurs possibilités	À mon avis, tous les membres du foyer devraient participer aux tâches ménagères, selon leur âge et leurs possibilités.	Famille P14	Fairness qualifier.
A336	response	Schémas d'argumentation	except in specific educational cases	sauf dans des cas pédagogiques précis	sauf dans des cas pédagogiques précis	À mon avis, oui, il faut interdire l'usage du téléphone portable à l'école, sauf dans des cas pédagogiques précis.	Education P3	Reusable exception qualifier for a ban.
A337	response	Étranger et immigration	launch an immigration plan	lancer un projet d'immigration	lancer un projet d'immigration	La vraie question est de savoir quelles sont les trois questions essentielles à se poser avant de lancer un projet d'immigration au Québec.	Education P5	Migration-project collocation.
A338	response	Schémas d'argumentation	the financial and human means	les moyens financiers et humains	les moyens financiers et humains	Enfin, ai-je les moyens financiers et humains pour réussir l'installation, surtout si je pars en famille ?	Education P5	Two-sided resources phrase.
A339	response	Schémas d'argumentation	concrete help on the ground	l'aide concrète sur le terrain	l'aide concrète sur le terrain	À mon avis, oui, Internet joue un rôle réel et important dans la solidarité, même s'il ne remplace pas l'aide concrète sur le terrain.	Education P6	Solidarity vocabulary; on-the-ground help.
A340	shared	Schémas d'argumentation	the most vulnerable people	les personnes les plus fragiles	personnes les plus fragiles	À mon avis, l'action solidaire que j'aimerais le plus faire est une aide concrète et régulière auprès des personnes les plus fragiles, plutôt qu'un don ponctuel.	Education P10; Environnement P1	Social-vulnerability vocabulary.
A341	response	Schémas d'argumentation	a means accessible to all	un moyen accessible à tous	un moyen accessible à tous	Enfin, je pense que la lecture est un moyen accessible à tous pour connaître un pays.	Education P14	Accessibility argument.
A342	response	Schémas d'argumentation	not always to the right information	pas toujours à la bonne information	pas toujours à la bonne information	À mon avis, les téléphones portables permettent d'accéder très facilement à l'information, mais pas toujours à la bonne information.	Education P15	Access vs quality distinction.
A343	response	Schémas d'argumentation	well chosen and well supervised	bien choisie et bien encadrée	bien choisie et bien encadrée	À mon avis, la télévision peut contribuer au développement de l'enfant, mais seulement si elle est bien choisie et bien encadrée.	Education P19	Conditional-benefit qualifier.
A344	response	Schémas d'argumentation	provided they are well prepared	à condition d'être bien préparées	à condition d'être bien préparées	À mon avis, oui, les sorties pédagogiques sont très bénéfiques pour les enfants, à condition d'être bien préparées.	Education P23	Conditional-benefit qualifier.
A345	response	Schémas d'argumentation	give one's very best	donner le meilleur de soi-même	donner le meilleur de soi-même	Enfin, je pense qu'il est très difficile de donner le meilleur de soi-même dans les deux domaines à la fois.	Santé P3	Reusable performance idiom.
A346	response	Schémas d'argumentation	a great deal of organisation, discipline and energy	énormément d'organisation, de discipline et d'énergie	énormément d'organisation, de discipline et d'énergie	Tout d'abord, cumuler travail et études demande énormément d'organisation, de discipline et d'énergie.	Santé P3	Three-part demand bundle.
A347	response	Schémas d'argumentation	an excessive claim	une affirmation excessive	une affirmation excessive	À mon avis, dire qu'il faut arrêter totalement la viande pour être en bonne santé est une affirmation excessive.	Santé P6	Evaluative label for an overstated thesis.
A348	response	Schémas d'argumentation	low-income households	les ménages modestes	aux ménages modestes	Tout d'abord, les produits bio sont effectivement plus chers que les produits classiques, ce qui les rend moins accessibles aux ménages modestes.	Santé P7	High-value inequality vocabulary.
A349	response	Schémas d'argumentation	encourage illegal markets	favoriser des marchés illégaux	favoriser des marchés illégaux	Ensuite, je pense qu'une interdiction totale serait difficile à faire respecter et risquerait de favoriser des marchés illégaux.	Santé P10	Unintended-consequence vocabulary.
A350	response	Santé	animal ethics or the environment	l'éthique animale ou l'environnement	santé, éthique animale ou environnement	Tout d'abord, le végétarisme peut s'expliquer par des raisons tout à fait cohérentes : santé, éthique animale ou environnement.	Santé P13	Motivation vocabulary for food/ethics prompts.
A351	response	Santé	the same health conditions	les mêmes conditions de santé	les mêmes conditions de santé	Ensuite, je pense que les personnes ne vieillissent pas toutes dans les mêmes conditions de santé.	Santé P15	Health-inequality frame.
A352	response	Schémas d'argumentation	fast food and excess	la restauration rapide et les excès	la restauration rapide et les excès	Ensuite, je pense que le mode de vie moderne fait clairement progresser les produits industriels, la restauration rapide et les excès.	Santé P16	Modern-diet vocabulary bundle.
A353	response	Schémas d'argumentation	overly absolute judgements	les jugements trop absolus	les jugements trop absolus	À mon avis, les jeux vidéo peuvent effectivement avoir des effets négatifs sur les enfants, mais il faut éviter les jugements trop absolus.	Santé P19	Nuance-signalling phrase.
A354	response	Travail et économie	overconsumption	la surconsommation	la surconsommation	Enfin, je pense que le besoin de gagner toujours plus vient souvent de la pression sociale et de la surconsommation, plus que de véritables besoins.	Santé P20	Consumer-society vocabulary.
A355	response	Santé	sleep, diet and stress	le sommeil, l'alimentation, le stress	du sommeil, de l'alimentation, du stress	Ensuite, je pense que la santé dépend aussi du sommeil, de l'alimentation, du stress et d'une bonne hygiène de vie.	Santé P23	Determinants-of-health bundle.
A356	response	Santé	chronic illnesses such as diabetes, asthma, hypertension	des maladies chroniques comme le diabète, l'asthme, l'hypertension	des maladies chroniques comme le diabète, l'asthme, l'hypertension	En effet, pour des maladies chroniques comme le diabète, l'asthme, l'hypertension ou certaines maladies graves, les médicaments sont nécessaires au quotidien.	Santé P23	Medical-condition vocabulary list.
A357	response	Schémas d'argumentation	make first contact easier	faciliter les premiers contacts	facilitent surtout les premiers contacts	À mon avis, ils facilitent surtout les premiers contacts, mais ne suffisent pas à construire une vraie amitié.	Technologie P1	Concessive position frame on a tech benefit.
A358	response	Schémas d'argumentation	quickly widen one's social circle	élargir rapidement son cercle social	élargir rapidement son cercle social	Tout d'abord, les réseaux sociaux peuvent facilement créer un premier contact et élargir rapidement son cercle social.	Technologie P1	Verb + cercle social collocation.
A359	response	Schémas d'argumentation	do without one's phone entirely	se passer totalement de son téléphone portable	se passer totalement de son téléphone portable	À mon avis, non, il n'est pas facile de se passer totalement de son téléphone portable, parce qu'il a pris une place centrale dans la vie quotidienne.	Technologie P2	Verb + totalement de intensifier.
A361	response	Technologie et médias	digital fatigue	une fatigue numérique	une fatigue numérique	D'abord, parce que ce choix peut s'expliquer par une fatigue numérique et un besoin de qualité de vie.	Technologie P15	Modern well-being term.
A362	response	Schémas d'argumentation	benefit very few people	profiter à très peu de personnes	à très peu de personnes	Ensuite, je pense que ces voyages profitent en réalité à très peu de personnes.	Technologie P17	Distributive critique.
A363	response	Schémas d'argumentation	possible in certain contexts	possible dans certains contextes	possible dans certains contextes	À mon avis, vivre sans voiture est possible dans certains contextes, mais difficile dans d'autres.	Technologie P20	Context-dependent hedge.
A364	response	Schémas d'argumentation	best fits my habits	s'adapter le mieux à mes habitudes	il s'adapte le mieux à mes habitudes	À mon avis, parmi ces trois médias, je préfère Internet, parce qu'il s'adapte le mieux à mes habitudes.	Technologie P24	Preference frame.
A365	response	Schémas d'argumentation	each person, at their own level	chacun, à son niveau	chacun, à son niveau	La vraie question est de savoir si chacun, à son niveau, peut vraiment réduire la quantité de déchets qu'il produit.	Environnement P3	Individual-responsibility frame.
A366	response	Schémas d'argumentation	in rural or poorly served areas	en zone rurale ou mal desservie	en zone rurale ou mal desservie	D'abord, parce qu'en zone rurale ou mal desservie, elle reste effectivement très difficile à remplacer.	Environnement P5	mal desservie = badly served by transport.
A367	response	Environnement et transports	free up space for other uses	libérer beaucoup d'espace pour d'autres usages	libérer beaucoup d'espace pour d'autres usages	Enfin, je pense que limiter la voiture en ville permet de libérer beaucoup d'espace pour d'autres usages.	Environnement P6	Urban-planning benefit.
A368	response	Schémas d'argumentation	offer a more responsible range	proposer une offre plus responsable	proposer une offre plus responsable	Enfin, parce que cela pousse les grandes enseignes elles-mêmes à proposer une offre plus responsable.	Environnement P7	offre = product range; enseigne = retail chain.
A369	response	Schémas d'argumentation	overly mass tourism	un tourisme trop massif	un tourisme trop massif	D'abord, parce qu'un tourisme trop massif pèse fortement sur l'environnement local.	Environnement P9	tourisme de masse; key theme phrase.
A370	response	Schémas d'argumentation	turn local culture into mere spectacle	transformer […] en simple spectacle pour visiteurs	transformer la culture locale en simple spectacle pour visiteurs	Enfin, parce qu'il peut transformer la culture locale en simple spectacle pour visiteurs.	Environnement P9	transformer X en Y.
A371	response	Schémas d'argumentation	are a step in the right direction	vont dans le bon sens	vont souvent dans le bon sens	À mon avis, ces mesures vont souvent dans le bon sens, mais elles restent encore trop limitées et pas toujours assez cohérentes.	Environnement P11	aller dans le bon sens (idiom).
A372	response	Schémas d'argumentation	meets a genuine social demand	répond à une vraie demande sociale	répond à une vraie demande sociale	Enfin, parce qu'il répond à une vraie demande sociale pour une alimentation plus responsable.	Environnement P13	répondre à une demande.
A373	response	Environnement et transports	more responsible eating	une alimentation plus responsable	une alimentation plus responsable	Enfin, parce qu'il répond à une vraie demande sociale pour une alimentation plus responsable.	Environnement P13	alimentation responsable = ethical eating.
A374	response	Schémas d'argumentation	a different model of development	un autre modèle de développement	un autre modèle de développement	À mon avis, oui, c'est possible, mais cela demande un autre modèle de développement et de vrais arbitrages.	Environnement P14	Pairs with de vrais arbitrages (real trade-offs).
A375	response	Schémas d'argumentation	a shocking gap with essential jobs	un écart choquant avec […]	un écart choquant avec	Ensuite, ils créent un écart choquant avec des métiers essentiels qui restent mal payés.	Economie P2	Evaluative comparison; pairs with métiers essentiels.
A376	response	Schémas d'argumentation	specific interpersonal skills	des compétences humaines précises	des compétences humaines précises	D'abord, ce rôle demande des compétences humaines précises que tout le monde ne possède pas.	Economie P3	Key management-argument collocation.
A377	response	Schémas d'argumentation	short and well-regulated	courte et bien encadrée	courte et bien encadrée	À mon avis, autoriser la sieste au travail peut être une bonne mesure, à condition qu'elle reste courte et bien encadrée.	Economie P4	Conditional-approval collocation.
A378	response	Schémas d'argumentation	a real issue or just a secondary comfort	un vrai enjeu ou seulement un confort secondaire	un vrai enjeu ou seulement un confort secondaire	La vraie question est de savoir si le bien-être au travail est un vrai enjeu ou seulement un confort secondaire.	Economie P6	Reusable reformulation binary.
A379	response	Schémas d'argumentation	no longer able to live decently	ne plus arriver à vivre correctement	n'arrivent plus à y vivre correctement	Tout d'abord, beaucoup de personnes quittent leur pays parce qu'elles n'arrivent plus à y vivre correctement.	Economie P14	Push-factor vocabulary.
A380	response	Schémas d'argumentation	easy in practice	facile en pratique	facile en pratique	La vraie question est de savoir si partir travailler à l'étranger est réellement facile en pratique.	Economie P15	Reality-check reformulation.
A381	response	Schémas d'argumentation	have an interest in developing tourism	avoir intérêt à développer son tourisme	intérêt à développer son tourisme	La vraie question est de savoir pour quelles raisons un pays a réellement intérêt à développer son tourisme.	Economie P16	avoir intérêt à + infinitive.
A382	response	Schémas d'argumentation	revitalise less-developed regions	dynamiser des régions moins développées	dynamiser certaines régions moins développées	Ensuite, parce que cela aide à dynamiser certaines régions moins développées.	Economie P16	Regional-policy collocation.
A383	response	Schémas d'argumentation	the way one leads	la manière de diriger	la manière de diriger	D'abord, parce que ce qui compte vraiment, c'est la compétence et la manière de diriger, pas le sexe.	Economie P17	Management-quality vocabulary.
A384	response	Schémas d'argumentation	cannot be bought	ne s'achètent pas	ne s'achètent pas	D'abord, parce que beaucoup de choses essentielles, comme la santé, le temps ou les relations humaines, ne s'achètent pas.	Economie P18	Money-vs-values frame.
A385	response	Schémas d'argumentation	follows other logics	suivre d'autres logiques	suit d'autres logiques	À mon avis, non, les métiers difficiles ne sont pas toujours les mieux payés ; le salaire suit d'autres logiques.	Economie P20	Analytical reframing.
A386	response	Schémas d'argumentation	provided funding is secured	que le financement soit assuré	que le financement soit assuré	À mon avis, c'est une mesure intéressante, mais à condition que le service reste de qualité et que le financement soit assuré.	Economie P22	à condition que + subjunctive.
A387	response	Schémas d'argumentation	access for the least well-off	l'accès des plus modestes	l'accès des plus modestes	D'abord, parce que cela faciliterait l'accès des plus modestes aux services et à l'emploi.	Economie P22	Social-policy vocabulary.
S90	response	Structurer et prendre position	see it as a complementary tool	le voir comme un outil complémentaire	le voir comme un outil complémentaire	Plutôt que de l'opposer au numérique, il faut le voir comme un outil complémentaire, indispensable à une vraie culture personnelle.	Culture P6	Complementarity conclusion.
S91	response	Structurer et prendre position	part of the cultural heritage nothing else replaces	une part de l'héritage culturel	une part de l'héritage culturel	Mais la lecture reste l'une des plus solides, parce qu'elle entraîne la pensée et donne accès à une part de l'héritage culturel que rien d'autre ne remplace vraiment.	Culture P20	Heritage-access conclusion.
S92	response	Structurer et prendre position	keep it alive	de le garder vivant	de le garder vivant	L'identité reste solide et le lien peut se maintenir, surtout si l'on fait l'effort de le transmettre et de le garder vivant.	Culture P27	Transmission-effort close.
S93	response	Structurer et prendre position	when responsibilities are shared	quand les responsabilités sont partagées	quand les responsabilités sont partagées	En conclusion, je dirais que chacun devrait aider à la maison, même modestement, parce qu'un foyer fonctionne mieux quand les responsabilités sont partagées.	Famille P14	Closing principle.
S94	response	Structurer et prendre position	let shocking gaps widen	laisser se creuser des écarts choquants	laisser se creuser des écarts choquants	Une bonne entreprise reconnaît les différences de poste sans laisser se creuser des écarts choquants.	Education P16	Inequality-limit conclusion.
S95	response	Structurer et prendre position	go hand in hand with other paths to success	aller de pair avec d'autres voies de réussite	aller de pair avec d'autres voies de réussite	Mais cela doit aller de pair avec d'autres voies de réussite, tout aussi respectées.	Education P20	aller de pair avec = go hand in hand.
S96	response	Structurer et prendre position	a matter of personal consistency	un sujet de cohérence personnelle	un sujet de cohérence personnelle	C'est moins un sujet de jugement qu'un sujet de cohérence personnelle.	Santé P13	Elegant closing reframe.
S97	response	Structurer et prendre position	loss of autonomy	la perte d'autonomie	perte d'autonomie	En conclusion, je dirais que la ville est souvent plus facile à vivre pour une personne âgée, surtout en cas de perte d'autonomie.	Santé P14	Key gerontology term.
S98	response	Structurer et prendre position	learn to master it	apprendre à le maîtriser	apprendre à le maîtriser	Le but n'est pas de le supprimer totalement, mais d'apprendre à le maîtriser.	Santé P17	Balanced management conclusion.
S99	response	Structurer et prendre position	regain a more controlled use	retrouver un usage plus maîtrisé	retrouver un usage plus maîtrisé	L'enjeu n'est pas de le supprimer, mais de retrouver un usage plus maîtrisé.	Technologie P2	Balanced-tech-use conclusion.
S100	response	Structurer et prendre position	supplement with more in-depth formats	compléter par d'autres formats plus approfondis	compléter par d'autres formats plus approfondis	L'idéal est de les compléter par d'autres formats plus approfondis.	Technologie P6	Media-mix recommendation.
S101	response	Technologie et médias	a healthier relationship with technology	une relation plus saine avec la technologie	une relation plus saine avec la technologie	En conclusion, je dirais que ce choix se comprend, surtout quand on veut retrouver une meilleure qualité de vie, mais qu'il vaut mieux chercher une relation plus saine avec la technologie plutôt que la rejeter entièrement.	Technologie P15	Healthy-use conclusion.
T56	response	Technologie et médias	despite a very active digital life	malgré une vie numérique très active	malgré une vie numérique très active	Par exemple, une personne qui passe ses soirées sur les réseaux sociaux mais ne voit presque plus ses amis ou sa famille peut se sentir très seule, malgré une vie numérique très active.	Technologie P4	Concessive contrast phrase.
T57	response	Technologie et médias	have become almost mandatory	devenues presque obligatoires	devenues presque obligatoires	Par exemple, certaines applications de transport, de banque ou de santé sont devenues presque obligatoires pour bénéficier de certains services rapidement.	Technologie P11	Compulsory-tech collocation.
T58	response	Technologie et médias	a young urban professional	un jeune actif urbain	un jeune actif urbain	En effet, une personne retraitée vivant à la campagne, entourée de sa famille proche, n'a pas du tout les mêmes besoins qu'un jeune actif urbain dont le travail et les démarches passent par le smartphone.	Technologie P11	Profile noun phrase.
T59	response	Technologie et médias	paper mail has almost entirely disappeared	les courriers papier ont presque totalement disparu	les courriers papier ont presque totalement disparu	Par exemple, dans la plupart des entreprises, les courriers papier ont presque totalement disparu pour la communication interne, remplacés par les e-mails.	Technologie P12	Trend-disappearance collocation.
T60	response	Technologie et médias	in case of an unexpected event	en cas d'imprévu	en cas d'imprévu	Par exemple, en cas d'imprévu, prévenir un proche, organiser un rendez-vous ou demander une information se fait en quelques secondes grâce au téléphone.	Technologie P13	Useful oral connector.
T61	response	Technologie et médias	deliberately switch off screens at the weekend	couper volontairement ses écrans le week-end	coupent volontairement leurs écrans le week-end	Par exemple, certaines personnes coupent volontairement leurs écrans le week-end pour mieux profiter de leur famille et de leurs activités personnelles.	Technologie P15	Digital-detox collocation.
T62	response	Technologie et médias	reserved for a handful of people	réservé à une poignée de personnes	une poignée de personnes	Par exemple, les vols touristiques spatiaux organisés ces dernières années sont réservés à une poignée de personnes capables de payer plusieurs centaines de milliers d'euros pour quelques minutes en apesanteur.	Technologie P17	Idiomatic small-number phrase.
T63	response	Technologie et médias	try them before paying	les essayer avant de payer	les essayer avant de payer	Par exemple, beaucoup de gens préfèrent encore acheter un canapé ou une grande paire de chaussures en magasin, pour pouvoir vraiment les essayer avant de payer.	Technologie P18	In-store advantage.
T64	response	Technologie et médias	games designed to be addictive	des jeux conçus pour rendre accro	des jeux conçus pour rendre accro	Par exemple, une heure par jour sur un jeu adapté n'a rien à voir avec plusieurs heures par jour sur des jeux conçus pour rendre accro.	Technologie P19	Modern addiction-design phrase.
T65	response	Technologie et médias	listen to a podcast during a journey	écouter un podcast pendant un trajet	écouter un podcast pendant un trajet	Par exemple, je peux écouter un podcast pendant un trajet, lire un article en pause déjeuner et regarder une vidéo plus tard dans la soirée, en fonction de mon temps disponible.	Technologie P21	Everyday-use example.
T66	response	Technologie et médias	finalise a file in a few hours	finaliser un dossier en quelques heures	finaliser un dossier qui demandait autrefois plusieurs courriers et plusieurs jours peut aujourd'hui se faire en quelques heures	Par exemple, finaliser un dossier qui demandait autrefois plusieurs courriers et plusieurs jours peut aujourd'hui se faire en quelques heures par e-mail.	Technologie P22	Then-vs-now contrast example.
W48	response	Travail et économie	a different job from selling itself	un métier différent de […]	un métier différent de	Prenons l'exemple d'un excellent vendeur : il n'est pas forcément un bon responsable de magasin, parce que diriger une équipe est un métier différent de la vente elle-même.	Economie P3	Distinguishes two roles.
W49	response	Travail et économie	rest areas	des espaces de repos	des espaces de repos	Par exemple, certaines entreprises qui ont installé des espaces de repos ont constaté que leurs salariés faisaient moins d'erreurs et étaient plus efficaces ensuite.	Economie P4	Workplace-facility vocabulary.
W50	response	Travail et économie	dozens of applications for a single interview	des dizaines de candidatures pour un seul entretien	des dizaines de candidatures pour obtenir un seul entretien	Par exemple, une personne expérimentée trouve souvent un nouveau poste grâce à un ancien collègue ou à un client, alors qu'un jeune doit envoyer des dizaines de candidatures pour obtenir un seul entretien.	Economie P10	Vivid job-search contrast.
W51	response	Travail et économie	rarely earn more than minimum wage	gagner rarement plus que le salaire minimum	plus que le salaire minimum	Prenons l'exemple d'un agent d'entretien ou d'un ouvrier agricole : malgré des journées physiquement épuisantes, il gagne rarement plus que le salaire minimum, bien moins qu'un employé de bureau installé au chaud.	Economie P20	Concrete low-pay example.
ED68	response	Éducation et apprentissage	a genuine international mobilisation	une vraie mobilisation internationale	une vraie mobilisation internationale	Par exemple, lors de récentes catastrophes naturelles, on a vu des appels à l'aide circuler très vite sur les réseaux sociaux et déclencher en quelques heures une vraie mobilisation internationale.	Education P6	Solidarity/crisis vocabulary.
ED69	response	Éducation et apprentissage	retraining for a new career	une reconversion professionnelle	en reconversion professionnelle	Par exemple, beaucoup de personnes en reconversion professionnelle suivent une formation diplômante après plusieurs années de travail, et améliorent réellement leur situation.	Education P7	Career-change vocabulary.
ED70	response	Éducation et apprentissage	a meal handed over in person	un repas en main propre	un repas en main propre	Par exemple, dans une association d'aide alimentaire, donner un repas en main propre et discuter quelques minutes avec la personne fait souvent autant de bien que le repas lui-même.	Education P10; Environnement P1	Idiomatic en main propre.
ED71	response	Éducation et apprentissage	how a contract or a tax return works	comment fonctionnent un contrat, une déclaration d'impôts	comment fonctionnent un contrat, une déclaration d'impôts	Par exemple, beaucoup de jeunes adultes constatent qu'ils n'ont jamais appris à l'école comment fonctionnent un contrat, une déclaration d'impôts ou les démarches administratives de base.	Education P18	Concrete everyday-life gap.
ED72	response	Éducation et apprentissage	quite average at secondary school	très moyennes au lycée	très moyennes au lycée	Par exemple, certaines personnes très moyennes au lycée deviennent d'excellents étudiants une fois qu'elles trouvent un domaine qui les intéresse vraiment.	Education P20	Late-bloomer example.
I52	response	Travail et économie	mobilises a crew of more than a hundred people	une équipe de plus de cent personnes	une équipe de plus de cent personnes	On peut citer, par exemple, le tournage d'un film, qui mobilise pendant plusieurs mois une équipe de plus de cent personnes, avec des budgets et des plannings aussi serrés que dans n'importe quel projet d'entreprise.	Culture P7	Concrete scale evidence.
I53	shared	Nuancer et comparer	take weeks, even months	des semaines, voire des mois	des semaines, voire des mois	Ainsi, ouvrir un compte bancaire ou faire reconnaître un diplôme étranger peut prendre des semaines, voire des mois, surtout quand on ne maîtrise pas encore bien la langue locale.	Culture P9; Culture P29	Administrative-delay collocation.
I54	response	Étranger et immigration	a real sense of continuity	un vrai sentiment de continuité	un vrai sentiment de continuité	Par exemple, parler sa langue maternelle à la maison, cuisiner les plats de son pays, célébrer ses fêtes traditionnelles, ce sont des gestes qui apportent un vrai sentiment de continuité, surtout dans les périodes difficiles loin des siens.	Culture P10	Emotional benefit of tradition.
I55	response	Étranger et immigration	better than a short tourist stay	bien mieux qu'un court séjour touristique	bien mieux qu'un court séjour touristique	Par exemple, un bon documentaire sur le Japon ou un roman écrit par un auteur étranger peut faire comprendre une culture, ses valeurs et sa sensibilité bien mieux qu'un court séjour touristique.	Culture P14	Comparative evidence.
I56	response	Étranger et immigration	take part in a neighbourhood festival	participer à un festival de quartier	participer à un festival de quartier	Goûter une cuisine étrangère, participer à un festival de quartier ou échanger avec des personnes d'autres origines permet de découvrir une culture de façon concrète et vivante.	Culture P14	Concrete cultural-encounter list.
I57	response	Étranger et immigration	meals are long and eaten as a family	[les repas sont] longs et pris en famille	longs et pris en famille	Par exemple, dans certains pays les repas sont longs et pris en famille, alors que dans d'autres ils sont rapides et souvent pris seuls : ces différences en disent beaucoup sur le rapport au temps et aux relations sociales.	Culture P15	Contrastive food-culture example.
I58	response	Famille et relations	someone to talk to regularly	quelqu'un avec qui parler régulièrement	quelqu'un avec qui parler régulièrement	Par exemple, beaucoup de personnes âgées qui vivent isolées disent que ce qui leur manque le plus, ce ne sont pas les biens matériels, mais simplement quelqu'un avec qui parler régulièrement.	Culture P16	Loneliness evidence.
I59	response	Étranger et immigration	go from enthusiasm to discouragement	passer de l'enthousiasme au découragement	passer de l'enthousiasme au découragement	Par exemple, un étudiant qui arrive dans une université étrangère sans comprendre les cours, sans logement stable et sans groupe d'amis peut vite passer de l'enthousiasme au découragement.	Culture P17	Emotional-trajectory phrase.
I60	response	Étranger et immigration	when to use tu or vous	quand il faut tutoyer ou vouvoyer	quand il faut tutoyer ou vouvoyer	Par exemple, c'est souvent en discutant avec des collègues ou des voisins que l'on comprend quand il faut tutoyer ou vouvoyer, comment accepter une invitation, ou pourquoi certaines démarches se font d'une manière plutôt que d'une autre.	Culture P24; Culture P30	Concrete cultural-code example.
I61	response	Étranger et immigration	gain several years of experience	gagner plusieurs années d'expérience	gagner plusieurs années d'expérience	Par exemple, beaucoup de jeunes diplômés acceptent un poste à l'étranger parce qu'il leur permet de gagner plusieurs années d'expérience et un meilleur salaire qu'un poste équivalent dans leur pays.	Culture P25	Concrete career benefit.
I62	shared	Schémas d'argumentation	grow in maturity	gagner en maturité	gagner en maturité	Par exemple, beaucoup d'étudiants partent en échange ou en programme à l'étranger d'abord pour vivre une expérience nouvelle, apprendre une langue et gagner en maturité, et pas seulement pour leur diplôme.	Culture P25; Culture P5	Study-abroad motive.
I63	response	Étranger et immigration	lose weeks working things out	perdre des semaines à comprendre	perdre des semaines à comprendre	Par exemple, une personne qui arrive sans rien savoir des démarches administratives ou des règles de base du pays peut perdre des semaines à comprendre des choses qu'elle aurait pu préparer avant son départ.	Culture P26	Cost-of-unpreparedness example.
I64	response	Technologie et médias	turned into a viral clip	transformée en extrait viral	transformée en extrait viral	Par exemple, dans certaines émissions, une dispute autour d'un couple ou d'une trahison est rediffusée plusieurs fois, transformée en extrait viral, puis commentée comme un spectacle plutôt que comme un vrai manque de respect.	Culture P31	Virality example.
I65	response	Étranger et immigration	register on the electoral rolls	s'inscrire sur les listes électorales	s'inscrire sur les listes électorales	Par exemple, un artiste très suivi peut encourager des milliers de jeunes à s'inscrire sur les listes électorales ou à soutenir une campagne contre le racisme, alors qu'un discours institutionnel aurait eu beaucoup moins d'écho.	Culture P33	Civic-mobilisation example.
C362	response	Cause, conséquence et évaluation	millions of private decisions	des millions de décisions privées	de millions de décisions privées	Tout d'abord, il existe des domaines de la vie qu'aucun État ne peut réellement contrôler, parce qu'ils dépendent de millions de décisions privées.	Economie P5; Culture P3	Scale argument against total control.
N172	response	Nuancer et comparer	coexist without conflicting	coexister sans s'opposer	coexister sans s'opposer	Les deux pratiques peuvent tout à fait coexister sans s'opposer.	Technologie P18	Reconciliation frame.
A388	shared	Schémas d'argumentation	inherently escape its control	échapper par nature à son contrôle	échappent par nature à son contrôle	D'abord, certains domaines de la vie échappent par nature à son contrôle, comme les choix privés ou les comportements quotidiens.	Economie P5; Culture P3	par nature = inherently.
A389	response	Schémas d'argumentation	real perspective on life	un vrai recul sur la vie	un vrai recul sur la vie	D'abord, parce que leur expérience leur donne un vrai recul sur la vie.	Famille P3	Wisdom/experience vocab.
